associated_gene,totalN,novelN
A1BG,13,7
A2M,190,140
A2ML1,26,12
A4GALT,7,2
AAAS,300,252
AACS,239,164
AADAT,165,88
AAGAB,150,96
AAK1,37,17
AAMDC,75,48
AAMP,266,220
AANAT,5,4
AAR2,85,31
AARD,9,3
AARS1,449,332
AARS2,103,32
AARSD1,250,200
AASDH,147,67
AASDHPPT,224,166
AASS,76,19
AATF,76,59
AATK,16,7
ABAT,355,215
ABCA1,64,8
ABCA10,16,1
ABCA12,3,0
ABCA2,98,55
ABCA3,115,55
ABCA4,10,6
ABCA5,178,81
ABCA6,15,4
ABCA7,88,29
ABCA8,38,7
ABCA9,11,2
ABCB1,71,20
ABCB10,54,13
ABCB4,23,10
ABCB6,176,118
ABCB7,124,46
ABCB8,151,68
ABCB9,67,38
ABCC1,30,6
ABCC10,119,52
ABCC11,4,2
ABCC12,50,11
ABCC2,1,0
ABCC3,2,0
ABCC4,48,5
ABCC5,186,68
ABCC6,5,1
ABCC8,88,58
ABCC9,40,4
ABCD1,19,1
ABCD2,72,9
ABCD3,222,135
ABCD4,330,245
ABCE1,321,147
ABCF1,72,13
ABCF2,180,112
ABCF3,300,223
ABCG1,48,8
ABCG2,177,80
ABCG4,46,14
ABCG5,9,8
ABCG8,4,0
ABHD1,13,9
ABHD10,131,70
ABHD11,84,54
ABHD12,244,221
ABHD12B,48,32
ABHD13,42,20
ABHD14A,131,90
ABHD14A-ACY1,30,24
ABHD14B,27,14
ABHD15,9,0
ABHD16A,58,36
ABHD17A,82,62
ABHD17B,69,31
ABHD17C,18,2
ABHD18,84,62
ABHD2,72,29
ABHD3,92,56
ABHD4,43,14
ABHD5,78,17
ABHD6,132,83
ABHD8,28,21
ABI1,508,273
ABI2,296,194
ABI3,18,3
ABI3BP,17,3
ABITRAM,128,93
ABL1,53,7
ABL2,8,2
ABLIM1,68,45
ABLIM2,245,232
ABLIM3,169,152
ABO,8,3
ABR,113,63
ABRA,2,0
ABRACL,92,79
ABRAXAS1,105,70
ABRAXAS2,106,62
ABT1,52,31
ABTB1,296,232
ABTB2,30,1
ACAA1,184,143
ACAA2,232,182
ACACA,108,48
ACACB,46,3
ACAD10,118,49
ACAD11,110,48
ACAD8,226,133
ACAD9,168,95
ACADL,36,15
ACADM,367,193
ACADS,47,23
ACADSB,69,21
ACADVL,486,426
ACAN,5,0
ACAP1,27,10
ACAP2,188,101
ACAP3,50,16
ACAT1,404,304
ACAT2,340,211
ACBD3,55,13
ACBD4,116,92
ACBD5,266,117
ACBD6,179,135
ACBD7,199,176
ACCS,33,10
ACD,276,228
ACE,38,1
ACE2,1,0
ACER2,3,0
ACER3,62,41
ACHE,38,28
ACIN1,255,125
ACKR1,31,7
ACKR2,16,16
ACKR3,17,8
ACKR4,1,0
ACLY,409,256
ACO1,141,38
ACO2,471,370
ACOT1,25,6
ACOT11,38,10
ACOT12,2,1
ACOT13,65,30
ACOT2,62,34
ACOT4,20,7
ACOT6,3,2
ACOT7,223,190
ACOT8,130,78
ACOT9,156,121
ACOX1,181,116
ACOX2,38,26
ACOX3,124,58
ACP1,400,289
ACP2,89,58
ACP3,1,1
ACP4,1,1
ACP5,3,1
ACP6,91,56
ACP7,5,2
ACRBP,9,4
ACRV1,13,10
ACSBG1,130,80
ACSF2,74,33
ACSF3,103,60
ACSL1,75,39
ACSL3,291,50
ACSL4,132,23
ACSL5,42,12
ACSL6,181,101
ACSM3,1,1
ACSM5,17,6
ACSS1,58,31
ACSS2,143,102
ACSS3,70,26
ACTA1,21,3
ACTA2,21,10
ACTB,1460,1396
ACTBL2,1,0
ACTC1,28,7
ACTG1,1715,1599
ACTG2,7,0
ACTL10,7,0
ACTL6A,239,182
ACTL6B,306,260
ACTN1,276,92
ACTN2,298,73
ACTN4,177,48
ACTR10,488,400
ACTR1A,531,454
ACTR1B,408,381
ACTR2,280,178
ACTR3,433,303
ACTR3B,217,142
ACTR3C,27,11
ACTR5,117,61
ACTR6,238,172
ACTR8,175,83
ACTRT3,16,0
ACVR1,44,9
ACVR1B,78,58
ACVR1C,19,0
ACVR2A,155,24
ACVR2B,199,169
ACVRL1,17,3
ACY1,69,30
ACY3,27,9
ACYP1,90,60
ACYP2,308,283
ADA,39,19
ADA2,34,17
ADAD2,14,8
ADAL,163,90
ADAM10,172,54
ADAM11,185,95
ADAM12,2,0
ADAM15,213,100
ADAM17,134,70
ADAM19,15,5
ADAM21,5,3
ADAM22,36,6
ADAM23,194,89
ADAM28,14,3
ADAM30,1,0
ADAM32,4,2
ADAM33,18,6
ADAM8,2,0
ADAM9,181,144
ADAMTS1,35,4
ADAMTS10,52,28
ADAMTS12,18,11
ADAMTS13,54,9
ADAMTS14,7,0
ADAMTS16,12,3
ADAMTS17,2,0
ADAMTS18,2,0
ADAMTS19,8,0
ADAMTS2,19,5
ADAMTS3,42,10
ADAMTS4,20,3
ADAMTS5,3,1
ADAMTS6,12,3
ADAMTS7,59,41
ADAMTS8,56,26
ADAMTS9,45,10
ADAMTSL1,15,1
ADAMTSL2,47,12
ADAMTSL3,16,3
ADAMTSL4,5,0
ADAMTSL5,2,1
ADAP1,37,17
ADAP2,35,10
ADAR,118,37
ADARB1,62,52
ADARB2,58,30
ADAT1,51,17
ADAT2,65,28
ADAT3,5,4
ADCK1,105,60
ADCK2,93,53
ADCK5,122,99
ADCY1,53,12
ADCY10,1,0
ADCY2,195,88
ADCY3,66,34
ADCY4,21,4
ADCY5,95,48
ADCY6,44,7
ADCY7,26,10
ADCY8,71,33
ADCY9,20,19
ADCYAP1,51,12
ADCYAP1R1,23,2
ADD1,390,221
ADD2,203,78
ADD3,260,141
ADGB,2,1
ADGRA1,51,39
ADGRA2,5,5
ADGRA3,68,15
ADGRB1,25,16
ADGRB2,206,160
ADGRB3,466,200
ADGRD1,15,6
ADGRE1,1,0
ADGRE5,43,13
ADGRF3,12,7
ADGRF5,71,26
ADGRG1,401,300
ADGRG2,12,0
ADGRG3,1,0
ADGRG5,2,0
ADGRG6,22,1
ADGRL1,56,51
ADGRL2,334,102
ADGRL3,225,36
ADGRL4,46,10
ADGRV1,806,418
ADH1B,6,1
ADH4,2,2
ADH5,235,144
ADHFE1,127,97
ADI1,110,48
ADIPOR1,112,92
ADIPOR2,49,23
ADIRF,26,12
ADK,330,189
ADM,23,10
ADM5,14,3
ADNP,42,24
ADNP2,9,0
ADO,117,0
ADORA1,55,22
ADORA2A,23,10
ADORA2B,17,7
ADORA3,8,1
ADPGK,129,99
ADPRH,9,0
ADPRHL1,35,17
ADPRM,57,22
ADPRS,46,21
ADRA1A,5,1
ADRA1B,3,3
ADRA1D,4,0
ADRA2A,48,2
ADRA2B,4,0
ADRB1,42,0
ADRB2,17,2
ADRM1,221,173
ADSL,317,228
ADSS1,34,13
ADSS2,160,85
ADTRP,45,36
AEBP1,52,8
AEBP2,72,11
AEN,37,18
AFAP1,68,15
AFAP1L1,21,2
AFAP1L2,169,93
AFDN,507,150
AFF1,24,9
AFF2,21,3
AFF3,130,20
AFF4,82,14
AFG1L,57,36
AFG3L2,131,53
AFMID,115,90
AFP,8,3
AFTPH,169,51
AGA,99,64
AGAP1,254,130
AGAP2,70,22
AGAP3,304,181
AGAP4,57,31
AGAP5,16,3
AGAP6,52,4
AGAP9,16,3
AGBL1,3,3
AGBL2,2,0
AGBL3,58,47
AGBL4,64,50
AGBL5,158,56
AGER,6,2
AGFG1,169,62
AGFG2,99,49
AGGF1,298,86
AGK,252,131
AGL,115,28
AGMAT,18,0
AGMO,2,2
AGO1,51,10
AGO2,24,6
AGO3,90,29
AGO4,100,48
AGPAT1,53,35
AGPAT2,14,5
AGPAT3,34,2
AGPAT4,128,77
AGPAT5,95,28
AGPS,142,31
AGR2,6,2
AGR3,1,0
AGRN,37,10
AGRP,1,0
AGT,99,62
AGTPBP1,386,196
AGTR1,4,0
AGTRAP,42,19
AHCTF1,100,10
AHCY,168,143
AHCYL1,111,60
AHCYL2,50,5
AHDC1,17,4
AHI1,186,34
AHNAK,25,19
AHNAK2,12,2
AHR,53,30
AHRR,2,2
AHSA1,194,153
AHSG,6,4
AHSP,11,4
AIDA,132,76
AIF1,20,7
AIF1L,114,65
AIFM1,135,71
AIFM2,36,13
AIFM3,320,266
AIG1,218,141
AIM2,112,94
AIMP1,185,52
AIMP2,87,56
AIP,94,53
AIPL1,1,0
AIRE,1,1
AJAP1,49,12
AJUBA,26,4
AK1,217,179
AK2,200,105
AK3,122,83
AK4,84,26
AK5,488,373
AK6,67,40
AK7,39,17
AK8,42,31
AK9,198,107
AKAIN1,44,14
AKAP1,140,62
AKAP10,145,74
AKAP11,216,73
AKAP12,201,18
AKAP13,336,107
AKAP14,21,10
AKAP17A,36,3
AKAP3,23,11
AKAP5,76,61
AKAP6,272,31
AKAP7,85,46
AKAP8,121,54
AKAP8L,186,115
AKAP9,889,230
AKIP1,103,50
AKIRIN1,109,52
AKIRIN2,176,149
AKNA,19,4
AKNAD1,26,16
AKR1A1,303,214
AKR1B1,201,165
AKR1C1,114,76
AKR1C2,82,46
AKR1C3,36,14
AKR1E2,36,17
AKR7A2,45,28
AKR7A3,25,5
AKR7L,11,5
AKT1,92,43
AKT1S1,33,15
AKT2,161,120
AKT3,174,41
AKTIP,210,147
ALAD,151,119
ALAS1,212,140
ALAS2,29,11
ALB,16,1
ALCAM,165,117
ALDH16A1,34,4
ALDH18A1,186,156
ALDH1A1,110,79
ALDH1A2,10,2
ALDH1A3,29,3
ALDH1B1,16,3
ALDH1L1,118,75
ALDH1L2,30,11
ALDH2,412,360
ALDH3A1,12,4
ALDH3A2,239,109
ALDH3B1,17,5
ALDH4A1,111,79
ALDH5A1,71,14
ALDH6A1,200,135
ALDH7A1,265,143
ALDH8A1,3,0
ALDH9A1,150,121
ALDOA,1254,1147
ALDOB,4,1
ALDOC,576,531
ALG1,141,61
ALG10,26,10
ALG10B,20,6
ALG11,116,18
ALG12,86,68
ALG13,165,51
ALG14,72,49
ALG2,25,5
ALG3,97,88
ALG5,165,80
ALG6,164,110
ALG8,214,126
ALG9,155,94
ALK,17,1
ALKAL1,6,0
ALKAL2,14,8
ALKBH1,58,30
ALKBH2,77,53
ALKBH3,140,93
ALKBH4,34,18
ALKBH5,84,52
ALKBH6,89,55
ALKBH7,71,42
ALKBH8,84,57
ALLC,7,2
ALMS1,171,27
ALOX12,5,4
ALOX12B,20,4
ALOX15,3,1
ALOX15B,13,1
ALOX5,13,3
ALOX5AP,11,2
ALOXE3,25,10
ALPK1,95,15
ALPK3,6,0
ALPL,69,40
ALS2,182,63
ALS2CL,25,4
ALX1,2,0
ALX3,2,0
ALYREF,36,20
AMACR,101,35
AMBN,33,17
AMBP,4,2
AMBRA1,151,93
AMD1,277,207
AMDHD1,13,2
AMDHD2,97,45
AMER1,9,4
AMER2,38,21
AMER3,12,5
AMFR,124,76
AMIGO1,19,10
AMIGO2,13,1
AMIGO3,25,0
AMMECR1,27,7
AMMECR1L,28,11
AMN1,361,269
AMOT,30,5
AMOTL1,96,10
AMOTL2,54,19
AMPD2,251,150
AMPD3,57,17
AMPH,504,408
AMT,73,29
AMY2A,12,0
AMY2B,178,87
AMZ1,23,13
AMZ2,458,356
ANAPC1,133,30
ANAPC10,160,104
ANAPC11,163,139
ANAPC13,102,61
ANAPC15,182,140
ANAPC16,283,206
ANAPC2,67,34
ANAPC4,332,201
ANAPC5,332,206
ANAPC7,243,155
ANG,10,1
ANGEL1,65,30
ANGEL2,222,121
ANGPT1,28,1
ANGPT2,53,5
ANGPT4,2,1
ANGPTL1,44,5
ANGPTL2,23,0
ANGPTL4,33,10
ANGPTL5,2,2
ANGPTL6,7,2
ANGPTL7,7,1
ANGPTL8,5,3
ANK1,118,71
ANK2,1875,736
ANK3,428,216
ANKAR,24,15
ANKDD1A,99,53
ANKDD1B,8,3
ANKEF1,44,5
ANKFN1,15,10
ANKFY1,82,36
ANKH,106,36
ANKHD1,253,66
ANKHD1-EIF4EBP3,91,54
ANKIB1,142,41
ANKLE1,13,2
ANKLE2,141,51
ANKMY1,53,24
ANKMY2,127,72
ANKRA2,183,115
ANKRD1,1,1
ANKRD10,286,198
ANKRD11,242,107
ANKRD12,580,360
ANKRD13A,58,16
ANKRD13B,44,13
ANKRD13C,251,131
ANKRD13D,168,102
ANKRD16,56,21
ANKRD17,366,178
ANKRD18A,35,17
ANKRD18B,23,5
ANKRD2,23,11
ANKRD20A1,40,7
ANKRD22,2,0
ANKRD23,15,10
ANKRD24,33,12
ANKRD26,345,104
ANKRD27,115,64
ANKRD28,106,29
ANKRD29,106,45
ANKRD30B,6,3
ANKRD30BL,58,43
ANKRD31,19,10
ANKRD34A,55,48
ANKRD34B,3,3
ANKRD34C,4,0
ANKRD35,32,11
ANKRD36,649,243
ANKRD36B,526,307
ANKRD36C,534,252
ANKRD37,122,75
ANKRD39,69,46
ANKRD40,37,9
ANKRD42,167,93
ANKRD44,88,23
ANKRD45,71,28
ANKRD46,263,209
ANKRD49,55,19
ANKRD50,99,3
ANKRD52,33,28
ANKRD53,29,7
ANKRD54,57,35
ANKRD55,34,17
ANKRD6,135,62
ANKRD61,1,1
ANKRD62,1,0
ANKRD63,21,0
ANKRD65,16,8
ANKRD66,7,1
ANKRD7,14,11
ANKRD9,11,11
ANKS1A,101,37
ANKS1B,483,398
ANKS3,115,66
ANKS6,50,22
ANKUB1,3,1
ANKZF1,334,250
ANLN,283,209
ANO1,1,0
ANO10,180,124
ANO2,21,15
ANO3,63,11
ANO4,141,79
ANO5,35,6
ANO6,38,5
ANO7,16,10
ANO8,18,14
ANOS1,13,1
ANP32A,441,365
ANP32B,214,172
ANP32E,241,141
ANPEP,11,2
ANTKMT,54,15
ANTXR1,30,13
ANTXR2,68,27
ANXA1,70,32
ANXA10,1,0
ANXA11,177,112
ANXA13,3,2
ANXA2,121,78
ANXA3,52,20
ANXA4,122,70
ANXA5,375,310
ANXA6,672,494
ANXA7,469,374
ANXA8,5,4
ANXA8L1,6,5
ANXA9,2,1
AOAH,32,4
AOC2,16,1
AOC3,2,0
AOPEP,127,78
AOX1,10,2
AP1AR,163,111
AP1B1,284,235
AP1G1,162,82
AP1G2,173,131
AP1M1,211,149
AP1M2,6,1
AP1S1,171,135
AP1S2,121,75
AP1S3,13,8
AP2A1,187,173
AP2A2,160,105
AP2B1,359,230
AP2M1,821,738
AP2S1,146,118
AP3B1,134,59
AP3B2,297,177
AP3D1,147,96
AP3M1,167,115
AP3M2,183,98
AP3S1,299,243
AP3S2,191,139
AP4B1,260,187
AP4E1,18,6
AP4M1,232,186
AP4S1,119,103
AP5B1,7,6
AP5M1,194,85
AP5S1,45,20
AP5Z1,91,46
APAF1,59,11
APBA1,22,1
APBA2,193,76
APBA3,71,35
APBB1,767,697
APBB1IP,12,1
APBB2,155,85
APBB3,181,129
APC,335,181
APC2,30,18
APCDD1,60,19
APEH,407,333
APELA,1,0
APEX1,220,158
APEX2,36,17
APH1A,120,87
APH1B,45,14
API5,290,166
APIP,162,114
APLF,18,5
APLN,8,0
APLNR,9,6
APLP1,637,565
APLP2,492,272
APMAP,197,151
APOA1,4,1
APOA2,3,0
APOB,2,0
APOBEC3B,9,1
APOBEC3C,2,0
APOBEC3D,1,0
APOBEC3F,11,6
APOBEC3G,20,3
APOBEC3H,1,0
APOBR,5,0
APOC1,55,38
APOC2,33,11
APOC3,1,0
APOC4,2,2
APOD,94,71
APOE,129,122
APOL1,42,37
APOL2,81,51
APOL3,20,7
APOL4,17,7
APOL5,4,0
APOL6,6,1
APOLD1,29,22
APOM,6,3
APOO,221,189
APOOL,77,64
APP,2386,2022
APPBP2,126,50
APPL1,225,95
APPL2,164,74
APRT,127,107
APTX,328,216
AQP1,9,0
AQP11,48,19
AQP3,7,2
AQP4,153,57
AQP5,3,1
AQP6,15,6
AQP7,3,2
AQP8,5,0
AQP9,10,0
AQR,169,29
AR,1,0
ARAF,158,92
ARAP1,137,62
ARAP2,141,36
ARAP3,76,20
ARC,17,4
ARCN1,165,93
AREG,2,0
AREL1,54,15
ARF1,500,457
ARF3,419,386
ARF4,193,148
ARF5,192,168
ARF6,18,8
ARFGAP1,159,89
ARFGAP2,342,269
ARFGAP3,176,117
ARFGEF1,171,55
ARFGEF2,71,5
ARFGEF3,63,7
ARFIP1,148,82
ARFIP2,134,103
ARFRP1,121,74
ARG1,18,8
ARG2,99,69
ARGLU1,334,203
ARHGAP1,180,132
ARHGAP10,108,36
ARHGAP11A,89,32
ARHGAP11B,5,0
ARHGAP12,112,46
ARHGAP15,77,39
ARHGAP17,89,45
ARHGAP18,82,20
ARHGAP19,37,18
ARHGAP19-SLIT1,9,6
ARHGAP20,54,8
ARHGAP21,315,102
ARHGAP22,33,11
ARHGAP23,12,6
ARHGAP24,57,5
ARHGAP25,52,20
ARHGAP26,81,19
ARHGAP27,8,2
ARHGAP28,14,4
ARHGAP29,82,29
ARHGAP30,6,3
ARHGAP31,7,1
ARHGAP32,78,42
ARHGAP33,79,42
ARHGAP35,90,3
ARHGAP36,34,15
ARHGAP39,20,2
ARHGAP4,19,4
ARHGAP40,2,1
ARHGAP42,14,2
ARHGAP44,73,27
ARHGAP45,10,0
ARHGAP5,258,41
ARHGAP6,11,2
ARHGAP8,13,0
ARHGAP9,47,25
ARHGDIA,227,187
ARHGDIB,55,37
ARHGDIG,52,32
ARHGEF1,88,21
ARHGEF10,47,25
ARHGEF10L,102,50
ARHGEF11,79,22
ARHGEF12,289,155
ARHGEF15,12,2
ARHGEF16,7,0
ARHGEF17,100,23
ARHGEF18,33,2
ARHGEF19,21,8
ARHGEF2,136,90
ARHGEF25,161,124
ARHGEF26,18,1
ARHGEF28,33,1
ARHGEF3,82,36
ARHGEF33,43,25
ARHGEF35,5,0
ARHGEF37,27,6
ARHGEF38,2,2
ARHGEF39,63,45
ARHGEF4,188,105
ARHGEF40,161,35
ARHGEF5,8,1
ARHGEF6,54,31
ARHGEF7,283,91
ARHGEF9,247,121
ARID1A,64,16
ARID1B,184,54
ARID2,103,14
ARID3A,1,1
ARID3B,25,6
ARID3C,7,7
ARID4A,350,149
ARID4B,342,102
ARID5A,17,3
ARID5B,90,17
ARIH1,107,25
ARIH2,330,220
ARL1,205,192
ARL10,135,117
ARL11,3,1
ARL13B,131,21
ARL14,1,0
ARL14EP,126,61
ARL15,84,55
ARL16,144,110
ARL17A,88,60
ARL17B,82,37
ARL2,141,105
ARL2BP,152,114
ARL3,244,188
ARL4A,54,12
ARL4C,27,21
ARL4D,42,35
ARL5A,110,54
ARL5B,29,0
ARL5C,1,1
ARL6,162,82
ARL6IP1,1139,1074
ARL6IP4,496,359
ARL6IP5,196,157
ARL6IP6,182,113
ARL8A,93,61
ARL8B,159,102
ARL9,122,68
ARMC1,137,83
ARMC10,89,8
ARMC12,43,31
ARMC2,84,40
ARMC3,40,24
ARMC5,44,10
ARMC6,140,91
ARMC7,37,17
ARMC8,423,178
ARMC9,166,79
ARMCX1,111,87
ARMCX2,171,126
ARMCX3,173,133
ARMCX4,153,104
ARMCX5,69,58
ARMCX5-GPRASP2,390,317
ARMCX6,105,82
ARMH1,67,44
ARMH3,110,52
ARMH4,164,64
ARMT1,64,30
ARNT,115,74
ARNT2,100,48
ARPC1A,318,273
ARPC1B,174,128
ARPC2,571,441
ARPC3,209,157
ARPC4,288,231
ARPC4-TTLL3,15,13
ARPC5,237,222
ARPC5L,139,118
ARPIN,65,40
ARPIN-AP3S2,27,14
ARPP19,349,187
ARPP21,570,279
ARRB1,129,80
ARRB2,291,216
ARRDC1,98,54
ARRDC2,41,7
ARRDC3,108,54
ARRDC4,32,1
ARSA,76,56
ARSB,33,4
ARSD,20,4
ARSF,31,17
ARSG,65,36
ARSH,4,4
ARSI,1,1
ARSJ,10,10
ARSK,50,10
ARSL,38,21
ART3,136,96
ART4,2,0
ART5,9,8
ARV1,135,93
ARVCF,65,42
ARX,39,33
AS3MT,1622,1574
ASAH1,415,287
ASAH2,14,4
ASAH2B,143,82
ASAP1,156,62
ASAP2,105,11
ASAP3,62,25
ASB1,101,92
ASB12,2,0
ASB13,38,19
ASB14,6,6
ASB16,10,10
ASB18,5,3
ASB2,25,8
ASB3,255,166
ASB4,6,2
ASB5,8,0
ASB6,59,37
ASB7,34,15
ASB8,123,66
ASB9,10,6
ASCC1,211,138
ASCC2,140,98
ASCC3,124,30
ASCL1,29,6
ASCL2,7,2
ASCL4,3,0
ASCL5,1,1
ASDURF,22,7
ASF1A,97,62
ASF1B,18,5
ASGR1,106,67
ASGR2,19,13
ASH1L,381,117
ASH2L,243,146
ASIC1,74,19
ASIC2,20,9
ASIC3,88,46
ASIC4,35,11
ASIP,2,1
ASL,130,63
ASMT,4,0
ASMTL,124,61
ASNS,263,195
ASNSD1,171,91
ASPA,60,36
ASPDH,215,186
ASPG,1,1
ASPH,577,484
ASPHD1,275,196
ASPHD2,31,2
ASPM,473,284
ASPN,6,1
ASPRV1,12,0
ASPSCR1,168,99
ASRGL1,178,114
ASS1,165,123
ASTE1,80,40
ASTN1,157,47
ASTN2,67,34
ASXL1,56,16
ASXL2,14,1
ASXL3,75,21
ATAD1,305,195
ATAD2,195,78
ATAD2B,113,15
ATAD3A,80,31
ATAD3B,79,28
ATAD3C,16,0
ATAD5,71,12
ATAT1,68,38
ATCAY,170,84
ATE1,111,46
ATF1,94,49
ATF2,341,213
ATF3,19,8
ATF4,80,45
ATF5,21,6
ATF6,118,39
ATF6B,31,9
ATF7,54,27
ATF7-NPFF,7,6
ATF7IP,297,121
ATF7IP2,46,17
ATG10,158,106
ATG101,57,38
ATG12,257,129
ATG13,323,187
ATG14,79,54
ATG16L1,191,95
ATG16L2,146,87
ATG2A,37,6
ATG2B,79,9
ATG3,291,207
ATG4A,110,54
ATG4B,270,175
ATG4C,193,114
ATG4D,73,27
ATG5,192,96
ATG7,225,122
ATG9A,181,153
ATG9B,40,22
ATIC,218,140
ATL1,757,648
ATL2,167,99
ATL3,32,2
ATM,125,54
ATMIN,32,5
ATN1,148,82
ATOH7,25,0
ATOH8,21,1
ATOX1,72,58
ATP10A,38,23
ATP10B,12,2
ATP10D,56,12
ATP11A,11,8
ATP11B,51,12
ATP11C,44,19
ATP12A,1,0
ATP13A1,91,58
ATP13A2,195,127
ATP13A3,45,3
ATP13A4,45,9
ATP13A5,6,0
ATP1A1,512,395
ATP1A2,381,247
ATP1A3,486,399
ATP1B1,733,696
ATP1B2,271,201
ATP1B3,384,311
ATP23,44,23
ATP2A1,2,1
ATP2A2,484,365
ATP2A3,19,7
ATP2B1,542,223
ATP2B2,196,40
ATP2B3,131,12
ATP2B4,81,2
ATP2C1,586,179
ATP2C2,72,30
ATP4A,5,1
ATP4B,2,1
ATP5F1A,598,521
ATP5F1B,632,580
ATP5F1C,569,486
ATP5F1D,104,71
ATP5F1E,135,95
ATP5IF1,103,88
ATP5MC1,162,118
ATP5MC2,285,251
ATP5MC3,179,136
ATP5ME,126,102
ATP5MF,154,126
ATP5MF-PTCD1,4,2
ATP5MG,145,109
ATP5MGL,1,0
ATP5MJ,254,213
ATP5MK,136,95
ATP5PB,317,247
ATP5PD,234,204
ATP5PF,253,183
ATP5PO,381,339
ATP6AP1,346,301
ATP6AP2,580,517
ATP6V0A1,545,443
ATP6V0A2,91,22
ATP6V0A4,5,1
ATP6V0B,314,260
ATP6V0C,208,187
ATP6V0D1,229,190
ATP6V0E1,74,59
ATP6V0E2,256,221
ATP6V1A,184,119
ATP6V1B1,1,0
ATP6V1B2,345,258
ATP6V1C1,317,181
ATP6V1C2,15,6
ATP6V1D,340,222
ATP6V1E1,207,158
ATP6V1E2,34,15
ATP6V1F,242,236
ATP6V1G1,174,150
ATP6V1G2,40,27
ATP6V1G2-DDX39B,2,1
ATP6V1G3,2,2
ATP6V1H,513,406
ATP7A,18,10
ATP7B,25,2
ATP8A1,93,9
ATP8A2,168,43
ATP8B1,7,0
ATP8B2,40,6
ATP8B3,2,1
ATP8B4,3,1
ATP9A,114,48
ATP9B,168,56
ATPAF1,121,72
ATPAF2,140,128
ATPSCKMT,97,33
ATR,142,70
ATRAID,138,98
ATRIP,78,26
ATRN,71,17
ATRNL1,218,44
ATRX,628,270
ATXN1,46,15
ATXN10,582,452
ATXN1L,22,9
ATXN2,213,79
ATXN2L,290,151
ATXN3,185,123
ATXN7,26,3
ATXN7L1,67,19
ATXN7L2,100,27
ATXN7L3,107,78
ATXN7L3B,227,121
AUH,177,132
AUNIP,15,6
AUP1,380,316
AURKA,103,56
AURKAIP1,116,96
AURKB,85,74
AURKC,30,9
AUTS2,256,152
AVEN,15,0
AVIL,25,7
AVL9,91,31
AVP,2,0
AVPI1,9,5
AVPR1A,7,4
AVPR1B,2,2
AXIN1,53,9
AXIN2,57,12
AXL,96,35
AZGP1,15,6
AZI2,209,118
AZIN1,474,367
AZIN2,150,105
AZU1,12,6
B2M,170,150
B3GALNT1,272,93
B3GALNT2,52,18
B3GALT1,5,5
B3GALT2,51,8
B3GALT5,2,2
B3GALT6,67,1
B3GALT9,26,22
B3GAT1,68,43
B3GAT2,69,33
B3GAT3,89,58
B3GLCT,46,7
B3GNT2,13,6
B3GNT4,42,17
B3GNT5,35,15
B3GNT7,2,1
B3GNT8,3,0
B3GNT9,1,0
B3GNTL1,95,65
B4GALNT1,223,134
B4GALNT3,13,1
B4GALNT4,128,87
B4GALT1,10,2
B4GALT2,91,39
B4GALT3,186,140
B4GALT4,110,67
B4GALT5,17,3
B4GALT6,55,6
B4GALT7,45,15
B4GAT1,110,93
B9D1,160,99
B9D2,22,13
BAALC,85,53
BAAT,3,0
BABAM1,471,421
BABAM2,272,179
BACE1,93,9
BACE2,23,2
BACH1,55,10
BACH2,27,6
BAD,121,99
BAG1,88,54
BAG2,46,18
BAG3,31,8
BAG4,61,13
BAG5,52,13
BAG6,126,75
BAHCC1,21,0
BAHD1,41,11
BAIAP2,199,134
BAIAP2L1,8,2
BAIAP2L2,39,27
BAIAP3,137,71
BAK1,70,59
BAMBI,16,1
BANF1,143,110
BANK1,12,4
BANP,93,46
BAP1,148,92
BARD1,51,12
BARHL2,1,0
BARX2,1,0
BASP1,290,278
BATF,2,0
BATF2,4,1
BATF3,24,15
BAX,73,40
BAZ1A,127,57
BAZ1B,149,26
BAZ2A,118,34
BAZ2B,636,330
BBC3,4,1
BBIP1,112,53
BBOF1,168,124
BBOX1,62,40
BBS1,254,173
BBS10,29,12
BBS12,17,6
BBS2,442,285
BBS4,164,112
BBS5,38,23
BBS7,198,103
BBS9,210,110
BBX,57,25
BCAM,27,5
BCAN,343,225
BCAP29,330,170
BCAP31,297,266
BCAR1,27,13
BCAR3,65,27
BCAS1,304,257
BCAS2,174,122
BCAS3,77,26
BCAS4,72,42
BCAT1,142,25
BCAT2,78,40
BCCIP,223,148
BCDIN3D,10,4
BCHE,54,18
BCKDHA,112,84
BCKDHB,79,33
BCKDK,187,125
BCL10,71,26
BCL11A,608,462
BCL11B,69,68
BCL2,23,3
BCL2A1,9,4
BCL2L1,98,62
BCL2L10,11,1
BCL2L11,6,3
BCL2L12,138,94
BCL2L13,172,80
BCL2L14,8,0
BCL2L15,1,1
BCL2L2,56,31
BCL2L2-PABPN1,4,0
BCL3,28,9
BCL6,30,12
BCL6B,13,3
BCL7A,74,36
BCL7B,57,32
BCL7C,52,32
BCL9,128,36
BCL9L,4,2
BCLAF1,411,84
BCLAF3,53,18
BCO1,5,1
BCO2,40,9
BCOR,90,31
BCORL1,67,18
BCR,232,120
BCS1L,224,169
BDH1,69,32
BDH2,188,112
BDKRB1,1,0
BDKRB2,7,2
BDNF,61,7
BDP1,169,17
BEAN1,13,2
BECN1,380,311
BECN2,1,0
BEGAIN,34,22
BEND3,5,0
BEND4,6,0
BEND5,577,484
BEND6,144,86
BEND7,25,17
BEST1,63,37
BEST3,11,6
BEST4,11,7
BET1,89,46
BET1L,59,40
BEX1,229,209
BEX2,130,109
BEX3,292,250
BEX4,379,355
BEX5,111,93
BFAR,175,71
BFSP1,14,3
BGLAP,15,3
BGN,79,54
BHLHA9,10,1
BHLHE22,99,4
BHLHE23,2,2
BHLHE40,83,44
BHLHE41,5,0
BHMT,9,2
BHMT2,14,3
BICC1,43,29
BICD1,145,24
BICD2,27,3
BICDL1,58,43
BICDL2,13,4
BICRA,5,0
BICRAL,22,5
BID,140,81
BIK,2,0
BIN1,906,731
BIN2,22,8
BIN3,102,71
BIRC2,146,77
BIRC3,18,1
BIRC5,97,38
BIRC6,361,50
BIRC7,1,0
BIVM,151,86
BIVM-ERCC5,3,0
BLACAT1,23,13
BLCAP,209,185
BLID,2,0
BLM,89,23
BLMH,104,62
BLNK,17,7
BLOC1S1,103,84
BLOC1S2,192,151
BLOC1S3,2,0
BLOC1S4,40,2
BLOC1S5,108,60
BLOC1S5-TXNDC5,6,5
BLOC1S6,152,55
BLVRA,167,115
BLVRB,54,41
BLZF1,128,47
BMERB1,187,153
BMF,7,3
BMI1,175,67
BMP1,59,2
BMP2,19,2
BMP2K,25,22
BMP3,10,0
BMP4,23,12
BMP5,6,0
BMP6,16,2
BMP7,51,21
BMP8A,22,8
BMP8B,1,0
BMPER,72,13
BMPR1A,121,40
BMPR1B,39,10
BMPR2,224,108
BMS1,284,141
BMT2,74,23
BMX,4,3
BNIP1,65,38
BNIP2,141,65
BNIP3,278,202
BNIP3L,931,830
BNIP5,2,1
BOC,138,60
BOD1,127,94
BOD1L1,221,37
BOK,68,46
BOLA1,21,16
BOLA2,125,116
BOLA2-SMG1P6,270,205
BOLA2B,23,8
BOLA3,72,38
BOP1,97,67
BORA,76,34
BORCS5,82,33
BORCS6,6,1
BORCS7,142,104
BORCS7-ASMT,2,1
BORCS8,116,84
BORCS8-MEF2B,15,9
BPGM,94,63
BPHL,228,126
BPIFC,1,0
BPNT1,257,202
BPNT2,48,4
BPTF,419,61
BRAF,71,11
BRAP,133,50
BRAT1,127,86
BRCA1,60,25
BRCA2,27,6
BRCC3,151,120
BRD1,69,29
BRD2,82,15
BRD3,117,55
BRD3OS,114,75
BRD4,49,5
BRD7,149,61
BRD8,473,357
BRD9,114,94
BRF1,77,27
BRF2,32,14
BRI3,39,27
BRI3BP,26,19
BRICD5,26,8
BRINP1,96,54
BRINP2,123,67
BRINP3,140,97
BRIP1,34,13
BRIX1,185,134
BRK1,286,275
BRME1,83,44
BRMS1,82,58
BRMS1L,155,101
BROX,179,93
BRPF1,93,12
BRPF3,85,24
BRS3,7,0
BRSK1,93,35
BRSK2,138,61
BRWD1,210,109
BRWD3,70,11
BSCL2,529,426
BSDC1,211,151
BSG,709,695
BSN,71,26
BSPRY,22,8
BST1,12,7
BST2,23,13
BTAF1,162,23
BTBD1,161,74
BTBD10,233,139
BTBD16,23,23
BTBD17,4,0
BTBD19,2,0
BTBD2,40,28
BTBD3,92,16
BTBD6,14,3
BTBD7,30,8
BTBD8,203,26
BTBD9,59,32
BTC,14,9
BTD,76,46
BTF3,274,245
BTF3L4,412,297
BTG1,92,79
BTG2,16,3
BTG3,101,68
BTK,14,0
BTN2A1,217,156
BTN2A2,53,50
BTN3A1,54,44
BTN3A2,12,8
BTN3A3,51,37
BTNL8,2,2
BTNL9,4,1
BTRC,181,68
BUB1,171,151
BUB1B,97,44
BUB1B-PAK6,6,6
BUB3,229,122
BUD13,96,57
BUD23,252,180
BUD31,160,114
BVES,7,2
BYSL,78,46
BZW1,562,458
BZW2,375,291
C10orf105,5,0
C10orf143,57,40
C10orf53,1,0
C10orf67,18,11
C10orf82,18,10
C10orf88,77,35
C10orf90,44,23
C10orf95,10,10
C11orf16,2,1
C11orf21,1,0
C11orf24,55,34
C11orf52,3,1
C11orf54,205,121
C11orf58,778,658
C11orf65,12,12
C11orf68,11,9
C11orf71,3,3
C11orf80,233,189
C11orf87,49,34
C11orf91,5,3
C11orf96,2,2
C11orf97,13,4
C11orf98,100,77
C12orf29,119,55
C12orf4,128,51
C12orf40,2,2
C12orf42,5,3
C12orf43,215,171
C12orf54,2,2
C12orf57,83,59
C12orf60,15,8
C12orf71,2,2
C12orf75,102,66
C12orf76,145,105
C14orf119,59,43
C14orf132,31,13
C14orf28,32,6
C14orf93,77,34
C15orf39,58,1
C15orf40,148,130
C15orf48,2,0
C15orf61,93,76
C15orf62,11,0
C16orf46,47,33
C16orf54,1,0
C16orf74,8,2
C16orf86,16,6
C16orf87,112,66
C16orf89,32,13
C16orf92,1,1
C16orf95,24,17
C17orf100,7,5
C17orf107,11,6
C17orf113,5,0
C17orf114,2,2
C17orf49,211,171
C17orf58,37,20
C17orf67,24,12
C17orf75,371,307
C17orf80,132,43
C17orf97,31,21
C17orf99,3,2
C18orf21,105,51
C18orf25,53,17
C18orf32,380,324
C18orf54,19,6
C19orf12,101,53
C19orf18,5,4
C19orf25,76,40
C19orf33,3,0
C19orf38,14,5
C19orf44,70,35
C19orf47,71,54
C19orf53,73,58
C19orf73,9,5
C19orf81,5,4
C19orf84,1,0
C1D,118,90
C1GALT1,85,36
C1GALT1C1,48,22
C1GALT1C1L,10,0
C1orf109,63,51
C1orf112,105,75
C1orf115,75,50
C1orf122,56,43
C1orf127,2,1
C1orf131,93,47
C1orf141,16,8
C1orf159,97,77
C1orf162,38,16
C1orf167,1,0
C1orf174,53,27
C1orf198,65,32
C1orf21,147,92
C1orf216,41,26
C1orf226,6,0
C1orf35,94,54
C1orf43,322,272
C1orf50,107,73
C1orf52,141,102
C1orf53,35,21
C1orf54,95,76
C1orf56,26,5
C1orf74,14,3
C1orf87,1,0
C1orf94,8,4
C1QA,14,6
C1QB,34,21
C1QBP,99,80
C1QC,35,27
C1QL1,4,0
C1QL2,9,1
C1QL3,11,2
C1QL4,2,0
C1QTNF1,15,2
C1QTNF12,5,1
C1QTNF2,10,5
C1QTNF3,52,21
C1QTNF4,6,5
C1QTNF5,13,5
C1QTNF6,45,31
C1QTNF7,3,2
C1QTNF8,1,1
C1QTNF9B,1,0
C1R,49,19
C1RL,30,10
C1S,52,22
C2,6,2
C20orf202,3,1
C20orf203,2,0
C20orf204,9,0
C20orf85,3,1
C20orf96,118,86
C21orf58,47,30
C21orf62,3,0
C21orf91,43,5
C22orf15,12,7
C22orf23,34,24
C22orf31,6,4
C22orf39,91,50
C22orf42,13,7
C2CD2,6,0
C2CD2L,84,28
C2CD3,69,14
C2CD4C,3,1
C2CD5,347,140
C2CD6,4,1
C2orf15,33,12
C2orf42,90,69
C2orf49,88,50
C2orf50,28,28
C2orf66,5,0
C2orf68,60,33
C2orf69,43,26
C2orf72,48,9
C2orf73,26,19
C2orf74,106,92
C2orf76,131,95
C2orf80,351,313
C2orf81,8,5
C2orf88,23,2
C2orf92,22,13
C3,63,44
C3AR1,5,1
C3orf14,238,163
C3orf18,67,49
C3orf22,1,1
C3orf33,69,47
C3orf38,73,36
C3orf49,4,4
C3orf52,5,0
C3orf62,24,7
C3orf70,26,10
C3orf80,2,2
C4A,16,3
C4B,27,2
C4orf19,7,2
C4orf3,142,112
C4orf33,68,42
C4orf36,36,30
C4orf45,23,22
C4orf46,25,4
C4orf47,34,19
C4orf48,65,51
C4orf50,8,6
C4orf51,1,1
C4orf54,1,0
C5,62,21
C5AR1,7,5
C5AR2,1,1
C5orf15,48,31
C5orf22,88,41
C5orf24,54,24
C5orf34,101,52
C5orf47,11,4
C5orf52,2,0
C5orf58,1,1
C5orf63,96,42
C6,1,0
C6orf118,55,32
C6orf120,135,6
C6orf132,3,0
C6orf136,34,9
C6orf141,46,42
C6orf163,6,2
C6orf226,11,0
C6orf47,26,1
C6orf52,40,31
C6orf58,8,7
C6orf62,120,38
C6orf89,102,43
C7,13,3
C7orf25,32,8
C7orf31,18,11
C7orf33,14,10
C7orf50,155,123
C7orf57,11,9
C8G,9,5
C8orf33,125,89
C8orf34,156,56
C8orf44-SGK3,9,7
C8orf48,34,0
C8orf58,42,8
C8orf76,97,56
C8orf82,2,0
C8orf88,55,25
C8orf89,2,0
C9orf131,1,1
C9orf153,1,1
C9orf24,47,35
C9orf40,27,13
C9orf43,6,3
C9orf50,16,9
C9orf64,62,39
C9orf72,146,64
C9orf78,241,194
C9orf85,82,49
CA1,7,2
CA10,98,49
CA11,570,527
CA12,43,23
CA13,16,11
CA14,119,105
CA2,100,66
CA3,16,1
CA4,92,62
CA5A,7,6
CA5B,29,21
CA7,50,20
CA8,59,16
CA9,26,12
CAAP1,172,72
CAB39,57,21
CAB39L,162,87
CABCOCO1,72,41
CABIN1,111,42
CABLES1,51,11
CABLES2,33,5
CABP1,151,90
CABP7,15,3
CABYR,124,37
CACFD1,81,49
CACHD1,94,24
CACNA1A,42,8
CACNA1B,64,7
CACNA1C,39,7
CACNA1D,73,5
CACNA1E,194,77
CACNA1F,25,11
CACNA1G,195,54
CACNA1H,30,4
CACNA1I,1,0
CACNA1S,13,6
CACNA2D1,149,36
CACNA2D2,27,3
CACNA2D3,230,192
CACNA2D4,4,4
CACNB1,188,105
CACNB2,159,58
CACNB3,213,186
CACNB4,77,17
CACNG1,1,0
CACNG2,20,9
CACNG3,113,85
CACNG4,30,10
CACNG5,4,0
CACNG6,3,3
CACNG7,28,25
CACNG8,30,30
CACTIN,21,5
CACUL1,44,24
CACYBP,292,223
CAD,134,47
CADM1,340,190
CADM2,100,22
CADM3,252,185
CADM4,127,98
CADPS,1658,1463
CADPS2,963,755
CALB1,114,69
CALB2,334,276
CALCB,12,5
CALCOCO1,330,239
CALCOCO2,278,211
CALCR,2,0
CALCRL,36,9
CALD1,177,60
CALHM1,8,0
CALHM2,58,46
CALHM5,2,1
CALHM6,21,1
CALM1,1637,1454
CALM2,1356,1260
CALM3,972,895
CALML3,7,1
CALML4,25,1
CALML6,1,0
CALN1,18,7
CALR,386,332
CALU,270,141
CALY,99,72
CAMK1,154,113
CAMK1D,146,112
CAMK1G,111,65
CAMK2A,598,422
CAMK2B,199,140
CAMK2D,192,106
CAMK2G,336,248
CAMK2N1,508,487
CAMK2N2,3,3
CAMK4,163,65
CAMKK1,101,76
CAMKK2,317,175
CAMKMT,49,28
CAMKV,402,333
CAMLG,179,99
CAMP,1,0
CAMSAP1,94,81
CAMSAP2,301,56
CAMSAP3,100,50
CAMTA1,248,164
CAMTA2,228,185
CAND1,367,98
CAND2,84,22
CANT1,46,20
CANX,580,398
CAP1,415,356
CAP2,392,294
CAPG,108,84
CAPN1,199,168
CAPN10,110,51
CAPN11,2,2
CAPN12,13,6
CAPN13,7,7
CAPN14,7,5
CAPN15,21,3
CAPN2,191,107
CAPN3,97,42
CAPN5,79,11
CAPN6,2,1
CAPN7,155,49
CAPN8,4,1
CAPN9,8,4
CAPNS1,163,145
CAPRIN1,508,287
CAPRIN2,175,103
CAPS,33,7
CAPS2,40,29
CAPSL,18,6
CAPZA1,228,172
CAPZA2,525,445
CAPZB,332,246
CARD10,20,1
CARD11,7,2
CARD14,5,2
CARD16,20,6
CARD19,89,42
CARD6,6,0
CARD8,130,84
CARD9,8,2
CARF,50,19
CARHSP1,215,170
CARM1,50,16
CARMIL1,129,58
CARMIL2,103,47
CARMIL3,61,34
CARNMT1,31,5
CARNS1,6,3
CARS1,243,158
CARS2,143,73
CARTPT,46,16
CASC3,220,170
CASD1,155,65
CASK,190,16
CASKIN1,7,3
CASKIN2,25,9
CASP1,40,13
CASP10,12,1
CASP12,7,5
CASP2,69,34
CASP3,93,52
CASP4,15,8
CASP6,84,56
CASP7,43,19
CASP8,21,14
CASP8AP2,199,137
CASP9,71,54
CASQ1,66,32
CASQ2,3,1
CASS4,3,0
CAST,245,83
CASTOR1,67,43
CASTOR2,141,122
CASZ1,4,1
CAT,204,83
CATIP,1,0
CATSPER2,41,13
CATSPER3,4,2
CATSPERD,8,6
CATSPERE,4,2
CATSPERG,29,20
CATSPERZ,25,7
CAV1,34,6
CAV2,37,2
CAV3,1,0
CAVIN1,14,6
CAVIN2,22,1
CAVIN3,18,9
CAVIN4,14,5
CBARP,1,1
CBFA2T2,108,37
CBFA2T3,40,7
CBFB,101,36
CBL,29,7
CBLB,148,59
CBLL1,80,20
CBLL2,2,0
CBLN1,17,3
CBLN2,57,23
CBLN3,4,0
CBLN4,56,26
CBR1,81,49
CBR3,17,5
CBR4,162,125
CBS,298,237
CBX1,247,214
CBX2,53,44
CBX3,448,322
CBX4,6,0
CBX5,264,171
CBX6,45,38
CBX7,24,18
CBX8,20,7
CBY1,129,102
CC2D1A,118,50
CC2D1B,108,52
CC2D2A,192,48
CC2D2B,7,1
CCAR1,548,247
CCAR2,238,183
CCBE1,24,8
CCDC102A,9,0
CCDC102B,125,91
CCDC103,29,13
CCDC105,1,0
CCDC106,49,21
CCDC107,129,87
CCDC110,34,21
CCDC112,212,97
CCDC113,81,35
CCDC115,183,141
CCDC117,30,1
CCDC12,186,161
CCDC120,19,13
CCDC121,24,4
CCDC122,69,44
CCDC124,129,105
CCDC125,23,14
CCDC126,79,26
CCDC127,50,27
CCDC13,39,12
CCDC134,17,5
CCDC136,380,231
CCDC137,50,23
CCDC138,186,122
CCDC14,347,157
CCDC141,4,1
CCDC142,19,12
CCDC144A,207,139
CCDC146,144,53
CCDC148,56,29
CCDC149,88,59
CCDC15,39,15
CCDC150,53,35
CCDC152,72,21
CCDC153,30,25
CCDC154,9,0
CCDC157,38,19
CCDC158,21,12
CCDC159,81,54
CCDC160,14,7
CCDC163,25,8
CCDC166,1,1
CCDC167,61,49
CCDC169,31,13
CCDC169-SOHLH2,12,12
CCDC17,2,0
CCDC170,7,1
CCDC171,162,64
CCDC174,122,43
CCDC175,10,10
CCDC177,3,3
CCDC178,13,6
CCDC18,122,64
CCDC180,68,13
CCDC181,86,42
CCDC183,18,0
CCDC184,71,34
CCDC185,1,0
CCDC186,168,38
CCDC188,1,1
CCDC190,10,10
CCDC191,124,40
CCDC192,13,13
CCDC196,4,4
CCDC200,1,1
CCDC22,84,52
CCDC24,179,132
CCDC25,208,111
CCDC27,1,1
CCDC28A,168,121
CCDC28B,144,100
CCDC3,86,74
CCDC30,138,50
CCDC32,142,102
CCDC33,2,1
CCDC34,154,118
CCDC39,28,7
CCDC40,66,21
CCDC42,2,0
CCDC43,158,120
CCDC47,174,77
CCDC50,128,21
CCDC51,36,24
CCDC57,90,35
CCDC59,165,107
CCDC6,109,30
CCDC60,2,0
CCDC61,19,6
CCDC62,8,3
CCDC63,2,1
CCDC65,97,67
CCDC66,310,171
CCDC68,23,13
CCDC69,12,3
CCDC7,84,72
CCDC71,17,12
CCDC71L,78,10
CCDC74A,166,125
CCDC74B,86,63
CCDC77,144,83
CCDC78,12,2
CCDC8,61,1
CCDC80,32,1
CCDC81,12,4
CCDC82,297,97
CCDC85A,108,85
CCDC85B,31,16
CCDC85C,29,20
CCDC86,39,17
CCDC87,12,0
CCDC88A,603,153
CCDC88B,17,3
CCDC88C,38,6
CCDC89,18,0
CCDC9,76,37
CCDC90B,565,357
CCDC91,285,198
CCDC92,60,32
CCDC92B,13,10
CCDC93,381,209
CCDC96,40,0
CCDC97,61,27
CCER2,20,8
CCHCR1,36,15
CCIN,2,2
CCK,100,80
CCKBR,41,11
CCL1,2,0
CCL13,1,0
CCL14,1,0
CCL19,1,0
CCL2,7,0
CCL20,3,3
CCL25,5,4
CCL26,2,0
CCL27,17,2
CCL28,18,11
CCL3,6,2
CCL3L1,5,1
CCL4,5,0
CCL4L2,7,1
CCL5,1,0
CCL8,1,0
CCM2,154,105
CCM2L,7,1
CCN1,37,12
CCN2,15,8
CCN3,42,13
CCN5,5,2
CCNA1,75,33
CCNA2,87,37
CCNB1,203,124
CCNB1IP1,147,106
CCNB2,67,42
CCNB3,17,3
CCNC,288,196
CCND1,29,4
CCND2,210,102
CCND3,74,47
CCNDBP1,223,132
CCNE1,24,10
CCNE2,78,39
CCNF,63,24
CCNG1,183,143
CCNG2,149,86
CCNH,313,228
CCNI,488,406
CCNI2,4,3
CCNJ,44,9
CCNJL,25,7
CCNK,14,5
CCNL1,360,209
CCNL2,339,195
CCNO,27,4
CCNP,9,6
CCNQ,51,37
CCNT1,25,6
CCNT2,169,62
CCNY,146,97
CCNYL1,54,20
CCP110,259,95
CCPG1,242,81
CCR1,1,0
CCR10,8,4
CCR5,1,0
CCR9,1,0
CCRL2,10,1
CCS,154,75
CCSAP,82,27
CCSER1,76,15
CCSER2,143,43
CCT2,420,314
CCT3,439,362
CCT4,431,350
CCT5,316,225
CCT6A,545,416
CCT6B,45,17
CCT7,405,358
CCT8,503,454
CCT8L2,1,0
CCZ1,363,273
CCZ1B,194,128
CD101,33,9
CD109,4,1
CD14,6,1
CD151,131,100
CD163,13,1
CD163L1,25,9
CD164,121,68
CD164L2,1,1
CD177,13,4
CD180,5,1
CD19,3,0
CD1C,2,0
CD1D,9,2
CD2,5,0
CD200,290,244
CD200R1,5,3
CD22,29,6
CD24,639,590
CD244,9,4
CD247,15,8
CD248,20,0
CD27,7,0
CD274,8,2
CD276,100,52
CD28,2,0
CD2AP,60,10
CD2BP2,138,109
CD300A,32,13
CD300C,7,3
CD300LF,2,0
CD300LG,1,1
CD302,45,15
CD320,79,57
CD33,28,14
CD34,33,13
CD36,65,27
CD37,23,6
CD38,69,10
CD3D,1,0
CD3E,1,1
CD4,27,8
CD40,33,21
CD44,26,2
CD46,357,214
CD47,421,271
CD48,2,0
CD5,7,3
CD52,2,0
CD53,43,22
CD55,135,123
CD58,41,15
CD59,148,98
CD5L,5,1
CD6,25,13
CD63,241,194
CD68,41,13
CD69,3,2
CD7,1,0
CD72,14,11
CD74,106,88
CD79B,5,1
CD81,38,21
CD82,46,27
CD83,69,33
CD84,2,0
CD86,11,2
CD8A,30,24
CD8B,2,1
CD8B2,3,1
CD9,138,93
CD93,8,1
CD96,1,0
CD99,130,95
CD99L2,350,310
CDA,12,5
CDADC1,118,65
CDAN1,66,26
CDC123,394,324
CDC14A,26,2
CDC14B,28,15
CDC14C,1,0
CDC16,463,304
CDC20,122,94
CDC20B,8,5
CDC23,109,58
CDC25A,28,9
CDC25B,184,82
CDC25C,101,73
CDC26,131,107
CDC27,300,173
CDC34,51,23
CDC37,348,297
CDC37L1,93,30
CDC40,204,68
CDC42,530,427
CDC42BPA,195,29
CDC42BPB,128,27
CDC42EP1,46,32
CDC42EP2,12,7
CDC42EP3,27,8
CDC42EP4,29,20
CDC42SE1,159,104
CDC42SE2,196,153
CDC45,111,76
CDC5L,298,147
CDC6,110,57
CDC7,177,109
CDC73,182,50
CDCA2,51,17
CDCA3,124,71
CDCA4,22,9
CDCA5,52,35
CDCA7,183,111
CDCA7L,116,64
CDCA8,68,34
CDCP1,9,4
CDH1,19,3
CDH10,141,72
CDH11,133,56
CDH12,56,19
CDH13,347,225
CDH18,178,68
CDH19,7,1
CDH2,743,515
CDH20,32,13
CDH22,15,10
CDH23,57,26
CDH24,14,5
CDH26,4,2
CDH3,41,12
CDH4,16,6
CDH5,32,7
CDH6,108,16
CDH7,39,12
CDH8,183,95
CDH9,101,30
CDHR1,24,3
CDHR2,15,9
CDHR3,89,74
CDHR4,1,1
CDIN1,122,60
CDIP1,171,133
CDIPT,89,62
CDK1,259,230
CDK10,344,282
CDK11A,146,51
CDK11B,239,117
CDK12,59,10
CDK13,219,48
CDK14,163,47
CDK15,1,0
CDK16,279,207
CDK17,167,72
CDK18,92,38
CDK19,43,9
CDK2,76,36
CDK20,273,176
CDK2AP1,99,72
CDK2AP2,57,40
CDK3,44,9
CDK4,158,112
CDK5,220,218
CDK5R1,147,137
CDK5R2,32,0
CDK5RAP1,219,176
CDK5RAP2,276,65
CDK5RAP3,436,327
CDK6,16,1
CDK7,101,58
CDK8,80,44
CDK9,112,75
CDKAL1,200,112
CDKL1,96,53
CDKL2,101,23
CDKL3,132,101
CDKL4,17,15
CDKL5,89,39
CDKN1A,29,8
CDKN1B,169,128
CDKN1C,22,4
CDKN2A,22,4
CDKN2AIP,73,29
CDKN2AIPNL,94,73
CDKN2B,6,0
CDKN2C,40,12
CDKN2D,27,23
CDKN3,81,53
CDNF,10,4
CDO1,112,78
CDON,95,19
CDPF1,66,51
CDR2,77,60
CDR2L,7,2
CDRT15,2,2
CDRT4,32,14
CDS1,74,27
CDS2,130,59
CDT1,52,1
CDV3,65,29
CDX1,4,1
CDY2A,1,0
CDYL,50,6
CDYL2,12,4
CEACAM1,2,1
CEACAM19,46,26
CEACAM21,10,5
CEACAM4,1,0
CEBPA,12,0
CEBPB,16,6
CEBPD,5,1
CEBPG,41,21
CEBPZ,194,102
CEBPZOS,404,361
CECR2,32,13
CELF1,152,96
CELF2,355,158
CELF3,377,331
CELF4,166,135
CELF5,166,118
CELF6,132,64
CELSR1,45,8
CELSR2,162,90
CELSR3,50,20
CEMIP,39,8
CEMIP2,61,6
CENATAC,298,232
CEND1,77,70
CENPA,30,12
CENPB,23,5
CENPC,189,86
CENPE,110,33
CENPF,285,40
CENPH,91,53
CENPI,29,18
CENPJ,204,55
CENPK,204,151
CENPL,62,23
CENPM,52,31
CENPN,178,119
CENPO,127,67
CENPP,41,19
CENPQ,58,38
CENPS,77,39
CENPS-CORT,43,27
CENPT,256,213
CENPU,211,121
CENPV,116,89
CENPVL1,22,0
CENPVL2,14,0
CENPVL3,12,1
CENPW,44,18
CENPX,197,160
CEP104,112,46
CEP112,141,57
CEP120,63,34
CEP126,158,33
CEP128,128,44
CEP131,61,19
CEP135,152,25
CEP152,58,10
CEP162,149,34
CEP164,95,34
CEP170,350,190
CEP170B,42,37
CEP19,33,20
CEP192,147,70
CEP20,84,37
CEP250,151,49
CEP290,679,299
CEP295,152,51
CEP350,184,62
CEP41,113,32
CEP43,193,109
CEP44,136,68
CEP55,65,23
CEP57,384,204
CEP57L1,279,176
CEP63,419,124
CEP68,181,72
CEP70,261,109
CEP72,82,48
CEP76,140,71
CEP78,276,91
CEP83,159,105
CEP85,77,28
CEP85L,79,16
CEP89,186,126
CEP95,1024,678
CEP97,85,22
CEPT1,183,90
CERCAM,143,72
CERK,52,11
CERKL,8,3
CERS1,39,22
CERS2,105,78
CERS3,4,4
CERS4,200,138
CERS5,337,262
CERS6,105,45
CERT1,152,28
CES1,4,1
CES2,125,47
CES3,7,0
CES4A,203,133
CES5A,7,1
CETN2,126,82
CETN3,130,81
CETP,11,5
CFAP100,32,15
CFAP126,11,5
CFAP157,4,1
CFAP161,9,4
CFAP20,147,115
CFAP206,35,18
CFAP20DC,34,13
CFAP221,140,73
CFAP251,42,14
CFAP298,226,140
CFAP298-TCP10L,57,10
CFAP299,3,1
CFAP300,66,39
CFAP36,497,380
CFAP410,112,92
CFAP43,40,10
CFAP44,34,8
CFAP45,19,5
CFAP46,74,31
CFAP47,6,2
CFAP52,45,20
CFAP53,27,6
CFAP54,14,1
CFAP57,37,12
CFAP58,20,4
CFAP61,27,9
CFAP65,34,15
CFAP69,67,34
CFAP70,23,7
CFAP73,6,3
CFAP74,42,27
CFAP77,9,5
CFAP91,46,21
CFAP92,35,26
CFAP97,83,31
CFAP97D2,11,6
CFAP99,4,2
CFB,3,0
CFC1,29,7
CFC1B,16,2
CFD,10,1
CFDP1,232,181
CFH,67,15
CFHR1,6,2
CFHR5,2,2
CFI,29,16
CFL1,622,577
CFL2,329,255
CFLAR,124,41
CFP,15,1
CFTR,2,0
CGA,1,0
CGAS,12,0
CGB2,1,0
CGB7,2,1
CGB8,1,0
CGGBP1,93,28
CGN,21,3
CGNL1,86,26
CGREF1,73,63
CGRRF1,140,61
CH25H,17,0
CHAC1,16,9
CHAC2,24,18
CHAD,17,4
CHADL,18,6
CHAF1A,168,54
CHAF1B,118,77
CHAMP1,12,1
CHCHD1,29,16
CHCHD10,19,12
CHCHD2,219,203
CHCHD3,237,186
CHCHD4,31,10
CHCHD5,117,105
CHCHD6,133,98
CHCHD7,150,66
CHD1,162,29
CHD1L,215,103
CHD2,1068,648
CHD3,671,258
CHD4,631,248
CHD5,130,32
CHD6,183,50
CHD7,106,31
CHD8,481,156
CHD9,356,123
CHDH,19,3
CHEK1,202,87
CHEK2,103,61
CHERP,80,50
CHFR,138,109
CHGA,111,69
CHGB,149,112
CHI3L1,67,50
CHI3L2,17,4
CHIC1,33,3
CHIC2,94,37
CHID1,442,389
CHIT1,12,10
CHKA,109,54
CHKB,189,130
CHKB-CPT1B,9,7
CHL1,995,412
CHM,85,32
CHML,14,1
CHMP1A,152,129
CHMP1B,18,18
CHMP2A,165,112
CHMP2B,123,73
CHMP3,150,91
CHMP4A,141,98
CHMP4B,50,22
CHMP4C,2,0
CHMP5,470,372
CHMP6,57,31
CHMP7,115,51
CHN1,990,842
CHN2,109,48
CHODL,33,9
CHORDC1,194,79
CHP1,136,104
CHP2,8,0
CHPF,29,15
CHPF2,59,21
CHPT1,194,131
CHRAC1,57,14
CHRD,93,37
CHRDL1,195,155
CHRDL2,4,0
CHRFAM7A,12,5
CHRM1,33,19
CHRM2,13,9
CHRM3,26,11
CHRM4,5,3
CHRM5,8,5
CHRNA1,9,2
CHRNA10,4,0
CHRNA2,23,10
CHRNA3,9,0
CHRNA4,19,6
CHRNA5,45,11
CHRNA6,2,1
CHRNA7,41,16
CHRNB1,33,16
CHRNB2,45,12
CHRNB3,5,1
CHRNB4,13,6
CHRNE,3,1
CHST1,59,40
CHST10,128,90
CHST11,49,8
CHST12,25,12
CHST13,2,0
CHST14,1,1
CHST15,101,40
CHST2,16,14
CHST3,4,0
CHST4,1,0
CHST5,6,2
CHST6,14,13
CHST7,48,6
CHST8,41,17
CHST9,26,4
CHSY1,17,4
CHSY3,11,3
CHTF18,65,26
CHTF8,71,54
CHTOP,332,213
CHUK,111,55
CHURC1,110,48
CHURC1-FNTB,11,11
CIAO1,184,100
CIAO2A,70,43
CIAO2B,198,187
CIAO3,89,60
CIAPIN1,229,154
CIART,63,33
CIB1,138,110
CIB2,38,24
CIB4,2,2
CIBAR1,428,360
CIBAR2,8,7
CIC,78,30
CIDEA,33,20
CIDEB,30,17
CIDEC,2,2
CILK1,73,49
CILP,1,0
CINP,152,87
CIP2A,140,60
CIPC,50,11
CIR1,182,145
CIRBP,834,683
CISD1,100,55
CISD2,523,463
CISD3,38,12
CISH,9,0
CIT,121,16
CITED1,23,13
CITED2,19,13
CITED4,7,0
CIZ1,314,231
CKAP2,221,88
CKAP2L,64,17
CKAP4,39,34
CKAP5,426,214
CKB,1020,979
CKLF,37,22
CKLF-CMTM1,20,14
CKMT1A,158,94
CKMT1B,207,130
CKMT2,44,15
CKS1B,66,49
CKS2,42,23
CLASP1,150,62
CLASP2,779,466
CLASRP,135,82
CLBA1,68,18
CLC,1,0
CLCA2,2,0
CLCA4,30,10
CLCC1,243,126
CLCF1,8,4
CLCN2,55,18
CLCN3,632,341
CLCN4,155,43
CLCN5,7,2
CLCN6,106,40
CLCN7,81,77
CLCNKB,8,1
CLDN1,12,1
CLDN10,85,55
CLDN11,56,20
CLDN12,49,21
CLDN15,24,3
CLDN16,2,0
CLDN19,2,0
CLDN2,1,0
CLDN20,4,4
CLDN22,4,0
CLDN23,7,0
CLDN24,1,0
CLDN34,2,0
CLDN4,2,1
CLDN5,26,25
CLDN6,3,1
CLDN7,6,2
CLDN9,10,0
CLDND1,593,481
CLDND2,13,10
CLEC11A,33,19
CLEC14A,20,0
CLEC16A,51,28
CLEC18A,11,3
CLEC18B,21,8
CLEC18C,1,0
CLEC19A,2,0
CLEC1A,12,5
CLEC1B,3,1
CLEC2B,18,5
CLEC2D,14,2
CLEC2L,32,6
CLEC3A,1,0
CLEC3B,17,9
CLEC4A,17,0
CLEC4E,4,0
CLEC4G,24,16
CLEC4M,1,0
CLEC5A,1,0
CLEC7A,8,5
CLEC9A,11,2
CLGN,101,24
CLHC1,92,71
CLIC1,30,22
CLIC2,42,21
CLIC3,7,2
CLIC4,106,58
CLIC5,5,2
CLINT1,199,95
CLIP1,512,312
CLIP2,118,35
CLIP3,610,552
CLIP4,108,62
CLK1,500,341
CLK2,70,44
CLK3,231,119
CLK4,406,229
CLMN,37,12
CLMP,86,52
CLN3,194,117
CLN5,63,16
CLN6,39,22
CLN8,30,14
CLNS1A,181,112
CLOCK,65,16
CLP1,37,15
CLPB,88,50
CLPP,106,72
CLPS,4,2
CLPSL1,1,0
CLPSL2,7,2
CLPTM1,176,125
CLPTM1L,105,54
CLPX,314,236
CLRN2,1,1
CLRN3,4,2
CLSPN,132,58
CLSTN1,193,87
CLSTN2,32,3
CLSTN3,277,206
CLTA,414,360
CLTB,111,78
CLTC,642,316
CLTCL1,185,96
CLTRN,21,16
CLU,3583,3399
CLUAP1,288,159
CLUH,50,30
CLUL1,76,59
CLVS1,149,93
CLVS2,121,17
CLYBL,85,38
CMAS,229,181
CMBL,85,50
CMC1,122,89
CMC2,324,214
CMC4,25,16
CMIP,30,13
CMKLR1,4,0
CMPK1,115,67
CMPK2,20,11
CMSS1,54,33
CMTM1,2,0
CMTM2,4,1
CMTM3,31,5
CMTM4,7,2
CMTM5,84,39
CMTM6,20,4
CMTM7,7,1
CMTM8,13,1
CMTR1,149,85
CMTR2,20,4
CMYA5,48,8
CNBD2,13,11
CNBP,474,391
CNDP1,191,114
CNDP2,315,269
CNEP1R1,81,45
CNFN,5,2
CNGA1,4,1
CNGA3,49,21
CNGA4,7,3
CNGB1,7,5
CNGB3,4,4
CNIH1,180,114
CNIH2,59,42
CNIH3,155,120
CNIH4,181,120
CNKSR1,25,9
CNKSR2,333,42
CNKSR3,29,10
CNMD,37,25
CNN1,19,8
CNN2,46,21
CNN3,405,309
CNNM1,33,7
CNNM2,92,72
CNNM3,62,40
CNNM4,35,8
CNOT1,740,436
CNOT10,266,150
CNOT11,91,32
CNOT2,374,190
CNOT3,54,15
CNOT4,193,48
CNOT6,89,22
CNOT6L,64,26
CNOT7,233,135
CNOT8,262,183
CNOT9,189,110
CNP,269,211
CNPPD1,171,150
CNPY1,17,7
CNPY2,159,89
CNPY3,142,96
CNPY4,77,47
CNR1,61,34
CNRIP1,156,118
CNST,136,78
CNTD1,19,15
CNTF,1,0
CNTFR,87,59
CNTLN,135,47
CNTN1,558,224
CNTN2,127,23
CNTN3,95,21
CNTN4,432,179
CNTN5,60,16
CNTN6,254,83
CNTNAP1,135,50
CNTNAP2,279,103
CNTNAP3,12,1
CNTNAP3B,11,5
CNTNAP3C,2,0
CNTNAP4,188,39
CNTNAP5,45,9
CNTRL,215,85
CNTROB,244,156
COA1,299,220
COA3,105,94
COA4,48,35
COA5,133,74
COA6,72,36
COA7,103,73
COA8,245,174
COASY,203,170
COBL,94,18
COBLL1,43,9
COCH,137,37
COG1,265,128
COG2,134,62
COG3,81,23
COG4,183,129
COG5,195,60
COG6,149,64
COG7,91,59
COG8,99,51
COIL,87,58
COL10A1,1,1
COL11A1,204,34
COL11A2,2,1
COL12A1,102,28
COL13A1,9,0
COL14A1,12,3
COL15A1,28,8
COL16A1,131,47
COL17A1,9,3
COL18A1,43,10
COL19A1,67,34
COL1A1,38,7
COL1A2,233,121
COL20A1,30,7
COL21A1,19,8
COL22A1,14,8
COL23A1,17,4
COL24A1,62,12
COL25A1,9,4
COL26A1,61,19
COL27A1,10,1
COL28A1,7,3
COL2A1,33,8
COL3A1,135,33
COL4A1,104,23
COL4A2,94,13
COL4A3,1,0
COL4A5,179,45
COL4A6,108,42
COL5A1,27,1
COL5A2,149,29
COL5A3,40,17
COL6A1,116,89
COL6A2,42,14
COL6A3,17,2
COL6A6,2,0
COL7A1,27,8
COL8A1,2,0
COL9A1,128,60
COL9A2,74,38
COL9A3,88,38
COLEC10,4,0
COLEC11,12,2
COLEC12,45,7
COLGALT1,57,12
COLGALT2,86,33
COLQ,32,10
COMMD1,73,55
COMMD10,152,107
COMMD2,157,79
COMMD3,276,191
COMMD3-BMI1,27,23
COMMD4,259,195
COMMD5,50,31
COMMD6,246,209
COMMD7,237,190
COMMD8,79,52
COMMD9,189,151
COMP,2,0
COMT,179,123
COMTD1,68,37
COP1,552,466
COPA,456,269
COPB1,231,141
COPB2,301,136
COPE,430,387
COPG1,343,276
COPG2,196,114
COPRS,46,37
COPS2,247,132
COPS3,357,289
COPS4,256,171
COPS5,206,179
COPS6,342,282
COPS7A,289,219
COPS7B,169,98
COPS8,355,282
COPS9,53,40
COPZ1,461,405
COPZ2,18,10
COQ10A,55,18
COQ10B,69,38
COQ2,53,32
COQ3,97,79
COQ4,185,123
COQ5,101,80
COQ6,243,161
COQ7,149,64
COQ8A,101,66
COQ8B,209,131
COQ9,187,128
CORIN,4,2
CORO1A,149,101
CORO1B,66,48
CORO1C,267,170
CORO2A,19,7
CORO2B,113,69
CORO6,77,54
CORO7,98,64
CORO7-PAM16,6,0
CORT,31,18
COTL1,38,30
COX10,47,18
COX11,162,78
COX14,34,20
COX15,143,72
COX16,142,91
COX17,59,37
COX18,151,143
COX19,45,18
COX20,308,215
COX4I1,369,312
COX4I2,12,4
COX5A,177,149
COX5B,197,155
COX6A1,162,153
COX6A2,5,0
COX6B1,142,125
COX6B2,2,0
COX6C,559,478
COX7A1,37,19
COX7A2,212,186
COX7A2L,303,274
COX7B,121,101
COX7C,153,119
COX8A,54,51
CP,16,5
CPA2,4,3
CPA4,7,2
CPAMD8,18,9
CPB1,2,0
CPD,51,0
CPE,346,274
CPEB1,91,42
CPEB2,27,5
CPEB3,27,24
CPEB4,66,19
CPED1,9,2
CPLANE1,239,67
CPLANE2,10,4
CPLX1,74,52
CPLX2,241,173
CPLX3,19,5
CPM,50,34
CPNE1,262,191
CPNE2,79,19
CPNE3,156,70
CPNE4,144,81
CPNE5,131,73
CPNE6,315,256
CPNE7,49,7
CPNE8,142,55
CPNE9,84,58
CPO,4,3
CPOX,53,19
CPPED1,51,16
CPQ,68,36
CPS1,18,3
CPSF1,155,113
CPSF2,163,46
CPSF3,186,99
CPSF4,210,140
CPSF6,314,162
CPSF7,157,113
CPT1A,86,66
CPT1B,67,26
CPT1C,409,306
CPT2,49,3
CPTP,27,13
CPVL,76,51
CPXM1,98,73
CPXM2,12,1
CPZ,4,1
CR1,2,0
CR1L,2,0
CRABP1,34,19
CRABP2,19,7
CRACD,119,15
CRACDL,25,15
CRACR2A,4,3
CRACR2B,11,4
CRADD,44,23
CRAMP1,18,6
CRAT,135,77
CRB1,122,32
CRB2,17,2
CRB3,5,4
CRBN,533,373
CRCP,406,381
CREB1,171,71
CREB3,133,64
CREB3L1,35,9
CREB3L2,14,6
CREB3L3,4,1
CREB3L4,106,76
CREB5,53,22
CREBBP,173,74
CREBL2,112,54
CREBRF,34,5
CREBZF,204,45
CREG1,72,37
CREG2,66,23
CRELD1,370,192
CRELD2,128,62
CREM,286,146
CRH,25,18
CRHBP,41,14
CRHR1,25,7
CRHR2,38,19
CRIM1,106,48
CRIP1,37,21
CRIP2,408,358
CRIP3,37,23
CRIPT,119,82
CRISP2,7,3
CRISPLD1,133,51
CRISPLD2,9,1
CRK,42,10
CRKL,94,40
CRLF1,22,12
CRLF3,170,156
CRLS1,133,48
CRMP1,493,402
CRNKL1,263,92
CROCC,78,41
CROT,94,36
CRPPA,27,14
CRTAC1,90,34
CRTAM,8,5
CRTAP,97,48
CRTC1,57,31
CRTC2,147,98
CRTC3,36,7
CRY1,135,103
CRY2,122,69
CRYAB,73,39
CRYBA2,12,4
CRYBA4,1,0
CRYBB1,25,14
CRYBB2,8,3
CRYBG1,7,5
CRYBG2,5,1
CRYBG3,58,8
CRYGB,1,1
CRYGC,1,0
CRYGD,18,11
CRYGN,12,8
CRYGS,37,18
CRYL1,167,107
CRYM,327,286
CRYZ,120,71
CRYZL1,594,491
CS,253,203
CSAD,172,141
CSAG1,12,11
CSDC2,41,25
CSDE1,890,688
CSE1L,445,280
CSF1,23,0
CSF1R,48,14
CSF2RA,29,15
CSF3,9,1
CSF3R,25,4
CSGALNACT1,104,74
CSGALNACT2,159,92
CSH1,1,0
CSH2,1,0
CSK,65,4
CSKMT,16,3
CSMD1,326,123
CSMD2,53,19
CSMD3,171,74
CSN1S1,2,2
CSNK1A1,642,324
CSNK1D,107,49
CSNK1E,206,124
CSNK1G1,59,21
CSNK1G2,56,14
CSNK1G3,171,72
CSNK2A1,265,142
CSNK2A2,55,9
CSNK2A3,11,1
CSNK2B,34,11
CSPG4,8,0
CSPG5,85,64
CSPP1,346,114
CSRNP1,22,9
CSRNP2,47,19
CSRNP3,174,53
CSRP1,158,124
CSRP2,279,220
CST3,240,210
CST6,2,0
CST7,3,0
CSTA,2,1
CSTB,62,32
CSTF1,135,66
CSTF2,199,83
CSTF2T,91,9
CSTF3,262,174
CT45A1,3,0
CT45A10,3,0
CT45A2,1,0
CT45A3,1,0
CT45A5,4,2
CT45A6,4,2
CT45A7,4,0
CT83,2,0
CTAG2,2,0
CTAGE1,2,0
CTBP1,186,161
CTBP2,293,187
CTBS,79,28
CTC1,122,81
CTCF,128,27
CTDNEP1,152,101
CTDP1,45,0
CTDSP1,57,19
CTDSP2,63,38
CTDSPL,37,16
CTDSPL2,165,98
CTF1,2,2
CTH,76,30
CTHRC1,33,11
CTIF,81,21
CTNNA1,541,363
CTNNA2,1178,923
CTNNA3,6,3
CTNNAL1,193,116
CTNNB1,499,320
CTNNBIP1,39,20
CTNNBL1,274,216
CTNND1,271,166
CTNND2,520,332
CTNS,66,30
CTPS1,215,88
CTPS2,105,43
CTR9,171,67
CTRC,1,0
CTRL,39,2
CTSA,252,123
CTSB,1012,887
CTSC,55,23
CTSD,160,109
CTSE,1,0
CTSF,98,34
CTSG,1,0
CTSH,96,64
CTSK,25,20
CTSL,130,61
CTSO,18,3
CTSS,24,5
CTSV,28,8
CTSW,1,0
CTSZ,27,16
CTTN,283,137
CTTNBP2,254,142
CTTNBP2NL,114,50
CTU2,57,33
CTXN1,86,84
CTXN2,51,20
CTXN3,32,11
CTXND1,6,0
CUBN,11,0
CUEDC1,43,16
CUEDC2,258,235
CUL1,1212,897
CUL2,237,119
CUL3,159,39
CUL4A,190,71
CUL4B,145,45
CUL5,146,32
CUL7,183,85
CUL9,483,330
CUTA,187,144
CUTC,143,95
CUX1,169,99
CUX2,72,16
CUZD1,14,0
CWC15,177,124
CWC22,216,101
CWC25,104,36
CWC27,327,227
CWF19L1,196,158
CWF19L2,118,47
CWH43,1,1
CX3CL1,28,15
CX3CR1,15,3
CXADR,85,25
CXCL1,15,5
CXCL10,1,0
CXCL11,2,0
CXCL12,32,10
CXCL13,1,0
CXCL14,95,70
CXCL16,22,1
CXCL2,13,2
CXCL3,4,1
CXCL5,5,0
CXCL6,5,0
CXCL8,9,3
CXCR4,29,20
CXCR6,1,0
CXorf38,40,20
CXorf58,2,0
CXXC1,304,258
CXXC4,27,8
CXXC5,105,42
CYB561,86,53
CYB561A3,61,38
CYB561D1,30,18
CYB561D2,64,31
CYB5A,90,61
CYB5B,195,149
CYB5D1,52,10
CYB5D2,131,88
CYB5R1,113,76
CYB5R2,58,32
CYB5R3,139,118
CYB5R4,129,84
CYB5RL,12,7
CYBA,23,7
CYBB,16,1
CYBC1,183,101
CYBRD1,54,14
CYC1,138,114
CYCS,283,247
CYFIP1,607,413
CYFIP2,344,274
CYGB,15,7
CYLD,265,95
CYP11A1,18,6
CYP17A1,2,0
CYP19A1,1,0
CYP1A1,4,0
CYP1B1,4,0
CYP20A1,100,55
CYP24A1,9,6
CYP26A1,145,70
CYP26B1,18,7
CYP27A1,51,12
CYP27B1,3,0
CYP27C1,4,1
CYP2A13,3,1
CYP2A6,2,0
CYP2C8,28,5
CYP2D7,10,4
CYP2E1,97,50
CYP2J2,45,14
CYP2R1,134,98
CYP2S1,12,3
CYP2U1,49,9
CYP39A1,26,13
CYP3A43,2,0
CYP3A5,3,1
CYP46A1,113,58
CYP4A11,6,6
CYP4B1,4,2
CYP4F11,32,0
CYP4F12,1,0
CYP4F3,2,0
CYP4V2,30,11
CYP4X1,93,24
CYP4Z1,11,1
CYP51A1,320,195
CYP7B1,46,16
CYREN,133,103
CYRIA,302,185
CYRIB,594,496
CYS1,9,4
CYSLTR1,6,0
CYSLTR2,2,1
CYSRT1,13,1
CYSTM1,60,41
CYTH1,84,38
CYTH2,190,122
CYTH3,28,7
CYTH4,13,2
CYTIP,23,11
CYTL1,9,5
CYYR1,35,10
CZIB,164,98
D2HGDH,47,17
DAAM1,249,85
DAAM2,60,7
DAB1,437,298
DAB2,43,24
DAB2IP,61,13
DACH1,176,56
DACH2,147,92
DACT1,50,20
DACT3,2,0
DAD1,88,80
DAG1,32,9
DAGLA,32,17
DAGLB,121,79
DALRD3,298,232
DAND5,3,1
DAP,31,17
DAP3,439,310
DAPK1,176,52
DAPK2,24,13
DAPK3,68,48
DAPL1,1,0
DAPP1,3,1
DARS1,233,144
DARS2,147,45
DAW1,29,10
DAXX,53,35
DAZAP1,95,44
DAZAP2,599,544
DAZL,1,1
DBF4,131,83
DBF4B,53,36
DBH,13,4
DBI,175,115
DBN1,504,385
DBNDD1,15,9
DBNDD2,156,92
DBNL,187,130
DBP,36,12
DBR1,96,42
DBT,56,18
DBX1,2,0
DBX2,16,1
DCAF1,100,34
DCAF10,100,47
DCAF11,336,217
DCAF12,61,35
DCAF12L1,2,0
DCAF12L2,52,1
DCAF13,227,159
DCAF15,77,41
DCAF16,222,208
DCAF17,66,34
DCAF4,105,77
DCAF4L1,3,0
DCAF5,67,54
DCAF6,377,230
DCAF7,108,53
DCAF8,415,262
DCAKD,198,176
DCBLD1,42,8
DCBLD2,57,13
DCC,119,36
DCDC1,4,2
DCDC2,39,20
DCDC2C,3,3
DCHS1,37,15
DCHS2,2,2
DCK,148,92
DCLK1,275,88
DCLK2,132,59
DCLK3,23,2
DCLRE1A,54,21
DCLRE1B,47,9
DCLRE1C,40,18
DCN,91,30
DCP1A,19,6
DCP1B,94,50
DCP2,77,34
DCPS,60,45
DCST2,11,6
DCSTAMP,3,2
DCT,17,6
DCTD,105,49
DCTN1,842,774
DCTN2,665,594
DCTN3,335,287
DCTN4,214,136
DCTN5,69,35
DCTN6,214,153
DCTPP1,44,26
DCUN1D1,118,35
DCUN1D2,86,43
DCUN1D3,43,23
DCUN1D4,251,122
DCUN1D5,106,60
DCX,198,104
DCXR,341,288
DDA1,86,67
DDAH1,72,38
DDAH2,72,38
DDB1,410,345
DDB2,112,49
DDC,13,6
DDHD1,139,13
DDHD2,249,98
DDI2,32,1
DDIAS,13,5
DDIT3,55,48
DDIT4,101,88
DDIT4L,16,1
DDN,29,27
DDO,23,11
DDOST,285,236
DDR1,121,44
DDR2,20,5
DDRGK1,213,160
DDT,47,32
DDTL,7,1
DDX1,616,424
DDX10,234,109
DDX11,128,75
DDX17,265,140
DDX18,184,58
DDX19A,200,106
DDX19B,254,150
DDX20,125,24
DDX21,102,35
DDX23,143,87
DDX24,315,258
DDX25,228,144
DDX27,280,127
DDX28,14,5
DDX31,63,29
DDX39A,220,190
DDX39B,117,85
DDX3X,190,75
DDX3Y,96,44
DDX4,1,0
DDX41,236,191
DDX42,234,142
DDX43,6,3
DDX46,461,371
DDX47,174,92
DDX49,215,152
DDX5,2537,2208
DDX50,220,140
DDX51,77,4
DDX52,139,60
DDX54,74,40
DDX55,211,166
DDX56,201,119
DDX59,89,51
DDX6,279,157
DDX60,22,5
DDX60L,23,8
DEAF1,198,150
DECR1,210,144
DECR2,67,42
DEDD,166,100
DEDD2,59,43
DEF6,20,4
DEF8,203,100
DEFA1,6,1
DEFA1B,5,1
DEFA3,3,0
DEFA4,1,0
DEFB1,3,0
DEFB112,1,1
DEFB126,1,1
DEFB131B,1,1
DEFB135,1,1
DEGS1,109,70
DEGS2,22,10
DEK,251,108
DELE1,279,161
DENND10,197,142
DENND11,16,3
DENND1A,68,32
DENND1B,63,32
DENND1C,20,16
DENND2A,90,42
DENND2B,72,31
DENND2C,18,9
DENND2D,19,11
DENND3,85,36
DENND4A,112,22
DENND4B,72,33
DENND4C,49,6
DENND5A,219,71
DENND5B,64,10
DENND6A,55,40
DENND6B,198,159
DENR,243,198
DEPDC1,46,18
DEPDC1B,100,60
DEPDC4,39,18
DEPDC5,140,35
DEPDC7,33,12
DEPP1,8,2
DEPTOR,80,32
DERA,125,58
DERL1,159,108
DERL2,195,145
DERL3,34,18
DERPC,15,13
DES,15,3
DESI1,256,240
DESI2,51,23
DET1,55,41
DEUP1,4,1
DEXI,16,4
DFFA,163,119
DFFB,53,27
DGAT1,84,38
DGAT2,53,14
DGCR2,128,91
DGCR6,41,18
DGCR6L,140,104
DGCR8,98,27
DGKA,111,71
DGKB,133,63
DGKD,118,23
DGKE,26,5
DGKG,60,17
DGKH,12,2
DGKI,41,20
DGKK,1,0
DGKQ,27,7
DGKZ,358,245
DGLUCY,249,172
DGUOK,204,142
DHCR24,120,77
DHCR7,138,98
DHDDS,182,92
DHDH,35,11
DHFR,103,68
DHFR2,27,6
DHODH,119,76
DHPS,286,252
DHRS1,95,59
DHRS11,46,26
DHRS12,109,81
DHRS13,23,11
DHRS2,8,8
DHRS3,40,30
DHRS4,58,24
DHRS4L2,75,53
DHRS7,117,66
DHRS7B,89,48
DHRS7C,9,2
DHRS9,22,6
DHRSX,83,46
DHTKD1,88,42
DHX15,286,178
DHX16,37,7
DHX29,200,92
DHX30,381,280
DHX32,77,25
DHX33,8,1
DHX34,83,19
DHX35,129,65
DHX36,240,119
DHX37,55,16
DHX38,200,98
DHX40,213,112
DHX57,154,49
DHX58,68,39
DHX8,157,55
DHX9,397,259
DIABLO,169,103
DIAPH1,93,43
DIAPH2,95,32
DIAPH3,111,60
DICER1,154,32
DIDO1,121,52
DIMT1,156,89
DIO2,42,7
DIO3,19,0
DIP2A,162,48
DIP2B,99,13
DIP2C,112,14
DIPK1A,93,37
DIPK1B,45,15
DIPK1C,31,11
DIPK2A,51,10
DIPK2B,27,5
DIRAS1,24,13
DIRAS2,92,70
DIRAS3,19,4
DIS3,174,101
DIS3L,130,64
DIS3L2,120,51
DISC1,21,8
DISP1,73,37
DISP2,42,31
DISP3,162,104
DIXDC1,147,49
DKC1,206,121
DKK1,24,3
DKK2,10,1
DKK3,439,350
DKKL1,21,13
DLAT,261,77
DLC1,101,13
DLD,355,248
DLEC1,9,3
DLEU7,61,15
DLG1,225,62
DLG2,282,107
DLG3,267,61
DLG4,536,380
DLG5,60,51
DLGAP1,350,180
DLGAP2,71,34
DLGAP3,28,9
DLGAP4,379,234
DLGAP5,163,83
DLK1,3,0
DLK2,59,35
DLL1,42,25
DLL3,39,17
DLL4,32,8
DLST,108,63
DLX1,88,34
DLX2,29,19
DLX3,1,0
DLX5,41,16
DLX6,41,21
DMAC1,117,102
DMAC2,97,59
DMAC2L,205,123
DMAP1,278,221
DMBT1,2,0
DMBX1,1,0
DMC1,36,26
DMD,724,295
DMGDH,39,24
DMKN,73,38
DMP1,1,1
DMPK,119,92
DMRT2,15,5
DMRT3,5,2
DMRTA1,15,1
DMRTA2,2,2
DMRTB1,1,0
DMRTC1,28,21
DMRTC1B,33,16
DMTF1,339,188
DMTN,948,924
DMWD,75,15
DMXL1,195,58
DMXL2,209,51
DNA2,95,59
DNAAF1,44,15
DNAAF2,47,24
DNAAF3,13,7
DNAAF4,106,59
DNAAF5,68,19
DNAAF6,6,3
DNAH1,76,42
DNAH10,26,5
DNAH11,11,2
DNAH12,11,4
DNAH14,64,23
DNAH17,24,7
DNAH2,8,0
DNAH5,42,7
DNAH6,56,12
DNAH7,59,10
DNAH8,7,5
DNAH9,21,1
DNAI1,34,26
DNAI2,8,3
DNAI3,5,3
DNAI4,58,24
DNAJA1,648,572
DNAJA2,447,343
DNAJA3,107,59
DNAJA4,125,34
DNAJB1,171,111
DNAJB11,117,50
DNAJB12,167,97
DNAJB13,5,2
DNAJB14,116,30
DNAJB2,93,56
DNAJB4,163,77
DNAJB5,152,83
DNAJB6,494,396
DNAJB7,15,2
DNAJB9,53,28
DNAJC1,132,61
DNAJC10,337,79
DNAJC11,213,132
DNAJC12,80,56
DNAJC13,177,54
DNAJC14,49,23
DNAJC15,196,130
DNAJC16,41,3
DNAJC17,120,87
DNAJC18,138,81
DNAJC19,262,162
DNAJC2,274,118
DNAJC21,180,14
DNAJC22,5,3
DNAJC24,212,175
DNAJC25,60,8
DNAJC25-GNG10,8,6
DNAJC27,52,15
DNAJC28,54,41
DNAJC3,95,51
DNAJC30,66,26
DNAJC4,105,61
DNAJC5,68,10
DNAJC5B,7,7
DNAJC5G,2,0
DNAJC6,204,81
DNAJC7,425,293
DNAJC8,559,473
DNAJC9,125,84
DNAL1,140,98
DNAL4,52,40
DNALI1,118,46
DNASE1,42,27
DNASE1L1,58,28
DNASE1L2,19,19
DNASE1L3,5,2
DNASE2,42,16
DND1,6,0
DNER,139,121
DNHD1,57,24
DNLZ,11,7
DNM1,265,198
DNM1L,504,229
DNM2,98,38
DNM3,595,479
DNMBP,35,14
DNMT1,238,110
DNMT3A,93,44
DNMT3B,52,12
DNPEP,112,38
DNPH1,51,46
DNTTIP1,97,63
DNTTIP2,191,81
DOC2A,254,198
DOC2B,4,1
DOCK1,143,45
DOCK10,83,33
DOCK11,86,41
DOCK2,17,0
DOCK3,182,67
DOCK4,184,47
DOCK5,34,10
DOCK6,32,25
DOCK7,258,106
DOCK8,23,4
DOCK9,213,131
DOHH,30,22
DOK1,56,26
DOK2,1,0
DOK3,4,1
DOK4,91,47
DOK5,331,273
DOK6,72,47
DOK7,1,0
DOLK,12,0
DOLPP1,55,35
DONSON,151,108
DOP1A,228,56
DOP1B,224,72
DOT1L,20,2
DPAGT1,158,77
DPCD,133,98
DPEP1,21,10
DPEP2,16,14
DPEP3,3,1
DPF1,105,46
DPF2,235,157
DPF3,56,18
DPH1,130,57
DPH2,96,42
DPH3,61,20
DPH5,230,172
DPH6,114,90
DPH7,214,192
DPM1,298,223
DPM2,78,60
DPM3,8,6
DPP10,314,115
DPP3,150,97
DPP4,63,34
DPP6,167,61
DPP7,173,150
DPP8,56,12
DPP9,63,29
DPPA4,10,3
DPT,5,1
DPY19L1,67,28
DPY19L2,174,86
DPY19L3,75,23
DPY19L4,93,60
DPY30,301,241
DPYD,197,106
DPYS,29,21
DPYSL2,619,464
DPYSL3,343,211
DPYSL4,165,109
DPYSL5,180,82
DQX1,3,2
DR1,93,39
DRAM1,5,1
DRAM2,296,210
DRAP1,155,119
DRAXIN,204,177
DRC1,45,14
DRC3,25,19
DRC7,7,4
DRD1,13,8
DRD2,23,2
DRD3,13,4
DRD4,1,0
DRD5,30,1
DRG1,257,205
DRG2,196,150
DRGX,12,7
DRICH1,2,1
DROSHA,295,137
DRP2,86,11
DSC1,1,0
DSC2,14,2
DSC3,1,0
DSCAM,76,18
DSCAML1,27,4
DSCC1,101,52
DSE,34,13
DSEL,23,7
DSG2,17,4
DSN1,129,73
DSP,17,1
DSPP,1,1
DST,1474,503
DSTN,448,399
DSTYK,46,9
DTD1,122,95
DTD2,182,135
DTHD1,1,1
DTL,112,33
DTNA,396,250
DTNB,345,284
DTNBP1,153,137
DTWD1,323,243
DTWD2,25,8
DTX1,22,4
DTX2,36,14
DTX3,193,117
DTX3L,9,1
DTX4,70,19
DTYMK,133,83
DUOX1,12,12
DUS1L,72,47
DUS2,93,62
DUS3L,69,48
DUS4L,152,78
DUS4L-BCAP29,60,24
DUSP1,20,11
DUSP10,55,23
DUSP11,127,85
DUSP12,140,109
DUSP13,6,0
DUSP14,22,12
DUSP15,30,12
DUSP16,52,16
DUSP18,45,18
DUSP19,65,49
DUSP2,16,8
DUSP22,82,14
DUSP23,21,14
DUSP26,63,51
DUSP28,51,18
DUSP3,60,37
DUSP4,33,13
DUSP5,15,3
DUSP6,85,44
DUSP7,13,2
DUSP8,2,2
DUSP9,6,0
DUT,325,219
DVL1,54,23
DVL2,83,64
DVL3,92,46
DXO,89,50
DYDC1,2,1
DYDC2,52,21
DYM,190,110
DYNC1H1,937,641
DYNC1I1,362,246
DYNC1I2,677,431
DYNC1LI1,515,417
DYNC1LI2,280,175
DYNC2H1,195,49
DYNC2I1,256,191
DYNC2I2,101,81
DYNC2LI1,217,154
DYNLL1,229,192
DYNLL2,145,120
DYNLRB1,145,101
DYNLRB2,34,22
DYNLT1,183,159
DYNLT2,1,1
DYNLT2B,154,129
DYNLT3,132,96
DYNLT5,75,23
DYRK1A,35,6
DYRK1B,48,17
DYRK2,22,0
DYRK3,29,17
DYRK4,78,26
DYSF,86,35
DZANK1,115,69
DZIP1,272,66
DZIP1L,31,17
DZIP3,468,214
E2F1,22,10
E2F2,19,13
E2F3,47,38
E2F4,76,49
E2F5,48,32
E2F6,88,73
E2F7,24,2
E2F8,42,8
E4F1,126,87
EAF1,44,10
EAF2,49,28
EAPP,111,77
EARS2,131,49
EBAG9,163,72
EBF1,10,0
EBF2,12,2
EBF3,1,0
EBF4,43,4
EBI3,10,2
EBLN2,6,0
EBNA1BP2,206,154
EBP,137,103
EBPL,43,18
ECD,162,106
ECE1,60,11
ECE2,69,19
ECEL1,22,1
ECH1,261,229
ECHDC1,213,170
ECHDC2,156,89
ECHDC3,20,7
ECHS1,200,138
ECI1,26,8
ECI2,133,89
ECM1,78,33
ECM2,17,0
ECPAS,230,86
ECRG4,27,13
ECSCR,46,36
ECSIT,143,117
ECT2,116,57
ECT2L,2,0
EDA,6,2
EDA2R,17,12
EDARADD,9,1
EDC3,118,51
EDC4,179,97
EDDM13,4,3
EDEM1,16,5
EDEM2,94,73
EDEM3,51,16
EDF1,157,136
EDIL3,92,26
EDN1,36,18
EDN2,3,1
EDN3,26,5
EDNRA,22,1
EDNRB,90,7
EDRF1,138,29
EEA1,189,38
EED,188,93
EEF1A1,3210,3053
EEF1A2,236,180
EEF1AKMT1,95,74
EEF1AKMT2,258,163
EEF1AKMT3,13,4
EEF1AKMT4,11,2
EEF1B2,444,393
EEF1D,297,232
EEF1E1,125,80
EEF1E1-BLOC1S5,4,0
EEF1G,1083,1024
EEF2,1822,1716
EEF2K,72,51
EEF2KMT,89,46
EEFSEC,89,45
EEPD1,43,5
EFCAB10,16,6
EFCAB11,101,71
EFCAB12,18,9
EFCAB13,22,13
EFCAB14,105,11
EFCAB2,232,162
EFCAB3,1,1
EFCAB5,53,31
EFCAB6,38,28
EFCAB7,226,140
EFCAB8,1,0
EFCC1,11,1
EFEMP1,150,92
EFEMP2,126,66
EFHB,40,36
EFHC1,161,64
EFHC2,45,12
EFHD1,50,21
EFHD2,42,11
EFL1,130,85
EFNA1,56,23
EFNA2,2,0
EFNA3,56,34
EFNA4,15,8
EFNA5,12,3
EFNB1,45,18
EFNB2,59,33
EFNB3,61,42
EFR3A,216,72
EFR3B,52,12
EFS,44,20
EFTUD2,219,119
EGF,5,4
EGFL6,19,4
EGFL7,136,94
EGFL8,28,7
EGFLAM,15,0
EGFR,14,1
EGLN1,58,5
EGLN2,142,75
EGLN3,133,94
EGR1,21,8
EGR2,12,3
EGR3,13,2
EGR4,3,2
EHBP1,375,116
EHBP1L1,18,4
EHD1,53,18
EHD2,32,7
EHD3,72,29
EHD4,24,2
EHHADH,14,8
EHMT1,142,48
EHMT2,71,17
EI24,169,123
EID1,385,384
EID2,31,5
EID2B,35,34
EID3,25,1
EIF1,369,320
EIF1AD,99,53
EIF1AX,170,92
EIF1AY,65,32
EIF1B,145,114
EIF2A,370,221
EIF2AK1,277,180
EIF2AK2,221,85
EIF2AK3,68,18
EIF2AK4,156,53
EIF2B1,199,163
EIF2B2,112,75
EIF2B3,231,140
EIF2B4,286,230
EIF2B5,241,119
EIF2D,176,125
EIF2S1,151,76
EIF2S2,367,300
EIF2S3,918,786
EIF3A,389,153
EIF3B,187,147
EIF3C,650,533
EIF3CL,383,265
EIF3D,313,243
EIF3E,570,430
EIF3F,218,127
EIF3G,312,265
EIF3H,347,292
EIF3I,312,198
EIF3J,208,101
EIF3K,297,232
EIF3L,759,672
EIF3M,333,226
EIF4A1,669,582
EIF4A2,1402,1170
EIF4A3,130,95
EIF4B,658,467
EIF4E,361,215
EIF4E1B,55,40
EIF4E2,207,110
EIF4E3,96,52
EIF4EBP1,62,51
EIF4EBP2,91,42
EIF4EBP3,15,4
EIF4ENIF1,142,80
EIF4G1,256,92
EIF4G2,1459,1255
EIF4G3,328,127
EIF4H,415,357
EIF5,471,302
EIF5A,285,246
EIF5A2,65,8
EIF5AL1,11,0
EIF5B,378,216
EIF6,124,100
EIPR1,169,145
ELAC1,50,23
ELAC2,157,91
ELANE,3,0
ELAPOR1,178,85
ELAPOR2,109,26
ELAVL1,51,18
ELAVL2,130,100
ELAVL3,136,107
ELAVL4,351,217
ELF1,28,11
ELF2,140,57
ELF4,5,0
ELF5,1,0
ELFN1,3,3
ELFN2,32,27
ELK1,44,27
ELK3,24,6
ELK4,11,4
ELL,24,6
ELL2,88,23
ELL3,35,21
ELMO1,1359,1179
ELMO2,261,223
ELMO3,21,11
ELMOD1,310,213
ELMOD2,103,59
ELMOD3,181,111
ELN,71,32
ELOA,127,41
ELOB,151,129
ELOC,365,273
ELOF1,123,100
ELOVL1,77,49
ELOVL2,79,44
ELOVL3,8,3
ELOVL4,98,49
ELOVL5,177,130
ELOVL6,79,23
ELOVL7,46,37
ELP1,239,74
ELP2,411,196
ELP3,192,106
ELP4,424,330
ELP5,209,135
ELP6,184,133
EMB,12,0
EMC1,228,146
EMC10,84,47
EMC2,266,183
EMC3,127,69
EMC4,209,178
EMC6,20,8
EMC7,101,72
EMC8,58,21
EMC9,86,59
EMCN,26,10
EMD,110,75
EME1,56,27
EME2,3,3
EMG1,92,44
EMID1,107,66
EMILIN1,3,3
EMILIN2,7,2
EMILIN3,4,0
EML1,348,144
EML2,80,51
EML3,41,12
EML4,92,25
EML5,48,7
EML6,70,17
EMP1,17,4
EMP2,58,49
EMP3,56,29
EMSY,68,29
EMX1,283,206
EMX2,99,63
EN1,3,1
EN2,1,0
ENAH,225,61
ENC1,148,97
ENDOD1,15,1
ENDOG,38,29
ENDOU,17,6
ENDOV,253,197
ENG,33,14
ENGASE,56,25
ENHO,68,66
ENKD1,61,39
ENKUR,109,44
ENO1,625,555
ENO2,984,899
ENO3,48,34
ENO4,27,15
ENOPH1,225,178
ENOSF1,137,97
ENOX1,433,316
ENOX2,72,33
ENPEP,14,2
ENPP1,2,2
ENPP2,180,110
ENPP3,3,0
ENPP4,60,6
ENPP5,66,27
ENPP6,28,7
ENSA,342,262
ENTPD1,65,50
ENTPD2,10,4
ENTPD3,83,47
ENTPD4,131,45
ENTPD5,45,36
ENTPD6,403,308
ENTPD7,21,5
ENTR1,59,11
ENY2,185,91
EOGT,17,6
EOLA1,135,93
EOLA2,143,117
EOMES,143,81
EP300,475,227
EP400,143,44
EPAS1,49,10
EPB41,83,26
EPB41L1,308,197
EPB41L2,288,127
EPB41L3,620,460
EPB41L4A,73,20
EPB41L4B,51,25
EPB41L5,77,27
EPB42,9,2
EPC1,92,24
EPC2,147,24
EPCAM,97,52
EPDR1,70,29
EPG5,44,12
EPHA1,2,0
EPHA10,44,22
EPHA2,24,4
EPHA3,118,38
EPHA4,200,40
EPHA5,261,68
EPHA6,25,8
EPHA7,310,96
EPHA8,10,1
EPHB1,120,39
EPHB2,125,35
EPHB3,49,14
EPHB4,30,1
EPHB6,162,75
EPHX1,62,29
EPHX2,98,54
EPHX3,11,2
EPHX4,95,57
EPM2A,41,8
EPM2AIP1,20,13
EPN1,96,54
EPN2,474,322
EPN3,1,1
EPO,1,0
EPOP,16,0
EPOR,47,9
EPRS1,292,165
EPS15,280,159
EPS15L1,333,222
EPS8,125,63
EPS8L1,16,2
EPS8L2,32,9
EPSTI1,19,5
EQTN,1,0
ERAL1,220,185
ERAP1,91,48
ERAP2,7,4
ERBB2,80,36
ERBB3,39,9
ERBB4,85,34
ERBIN,214,26
ERC1,249,107
ERC2,315,190
ERCC1,435,318
ERCC2,102,30
ERCC3,218,161
ERCC4,60,9
ERCC5,274,162
ERCC6,93,22
ERCC6L,5,0
ERCC6L2,135,16
ERCC8,151,70
ERF,5,3
ERFE,20,9
ERG,22,7
ERG28,123,101
ERGIC1,110,65
ERGIC2,280,172
ERGIC3,418,366
ERH,203,166
ERI1,76,37
ERI2,80,56
ERI3,307,283
ERICH1,91,53
ERICH2,9,4
ERICH3,140,26
ERICH4,1,0
ERICH5,23,0
ERICH6B,4,2
ERLEC1,270,215
ERLIN1,112,72
ERLIN2,62,20
ERMAP,44,37
ERMARD,151,96
ERMN,138,43
ERMP1,33,10
ERN1,4,1
ERN2,1,1
ERO1A,100,54
ERO1B,55,41
ERP29,137,98
ERP44,193,124
ERRFI1,70,51
ERV3-1,28,9
ERVH48-1,2,1
ERVK3-1,208,128
ERVMER34-1,8,0
ESAM,58,38
ESCO1,121,43
ESCO2,78,27
ESD,313,258
ESF1,164,48
ESM1,3,1
ESPL1,69,24
ESPN,1,1
ESR2,3,2
ESRP1,7,0
ESRRA,31,5
ESRRG,39,13
ESS2,82,54
ESYT1,157,67
ESYT2,85,12
ESYT3,25,11
ETAA1,87,33
ETDB,1,0
ETF1,153,74
ETFA,273,203
ETFB,101,78
ETFBKMT,40,12
ETFDH,172,59
ETFRF1,80,33
ETHE1,55,45
ETNK1,109,34
ETNK2,37,17
ETNPPL,232,185
ETS1,14,4
ETS2,110,17
ETV1,106,85
ETV2,18,4
ETV3,13,2
ETV3L,3,1
ETV4,33,11
ETV5,76,47
ETV6,31,11
ETV7,5,2
EVA1A,10,5
EVA1B,9,3
EVA1C,79,40
EVC,9,9
EVC2,23,3
EVI2A,25,10
EVI2B,7,0
EVI5,77,38
EVI5L,67,28
EVL,221,110
EVPL,1,0
EVPLL,5,4
EWSR1,1075,868
EXD1,6,5
EXD2,153,71
EXD3,132,79
EXO1,89,40
EXO5,58,19
EXOC1,281,145
EXOC1L,7,1
EXOC2,200,112
EXOC3,215,129
EXOC3L1,10,2
EXOC3L4,4,2
EXOC4,212,108
EXOC5,228,138
EXOC6,236,140
EXOC6B,81,19
EXOC7,413,235
EXOC8,89,3
EXOG,114,69
EXOSC1,147,103
EXOSC10,344,247
EXOSC2,169,82
EXOSC3,125,67
EXOSC4,39,31
EXOSC5,53,43
EXOSC6,182,37
EXOSC7,162,98
EXOSC8,564,449
EXOSC9,210,119
EXPH5,7,3
EXT1,27,4
EXT2,156,53
EXTL1,100,30
EXTL2,141,94
EXTL3,100,31
EYA1,29,23
EYA2,49,41
EYA3,56,29
EYA4,7,0
EYS,55,34
EZH1,193,112
EZH2,366,246
EZR,561,440
F10,6,3
F11R,36,34
F12,38,28
F13A1,17,5
F2,2,1
F2R,23,7
F2RL1,6,0
F2RL2,4,2
F2RL3,1,0
F3,108,68
F5,7,2
F7,12,8
F8,57,40
F8A1,30,8
F8A2,14,0
F8A3,11,1
FA2H,9,0
FAAH,154,91
FAAH2,21,9
FAAP100,69,40
FAAP20,145,99
FAAP24,16,6
FABP1,10,8
FABP12,2,2
FABP3,171,135
FABP4,2,0
FABP5,183,126
FABP6,37,22
FABP7,306,262
FADD,16,8
FADS1,216,148
FADS2,238,162
FADS3,105,72
FADS6,22,13
FAF1,127,50
FAF2,121,68
FAH,72,36
FAHD1,63,51
FAHD2A,236,202
FAHD2B,152,116
FAIM,105,54
FAIM2,600,533
FAM104A,73,32
FAM104B,108,56
FAM107A,584,505
FAM107B,66,28
FAM110A,11,4
FAM110B,114,78
FAM110C,18,5
FAM110D,6,6
FAM111A,62,38
FAM111B,24,5
FAM114A1,62,21
FAM114A2,111,58
FAM117A,16,5
FAM117B,42,15
FAM118A,87,61
FAM118B,199,115
FAM120A,299,104
FAM120AOS,164,106
FAM120B,187,66
FAM120C,13,6
FAM124A,45,17
FAM124B,28,11
FAM131A,179,109
FAM131B,113,75
FAM131C,12,2
FAM133A,22,15
FAM133B,305,229
FAM135A,137,26
FAM135B,35,11
FAM136A,49,22
FAM13A,289,70
FAM13B,187,59
FAM13C,278,114
FAM149A,238,145
FAM149B1,95,31
FAM151B,74,52
FAM153A,17,11
FAM156A,108,66
FAM156B,118,53
FAM161A,142,49
FAM161B,109,35
FAM162A,96,61
FAM162B,39,16
FAM163A,37,28
FAM163B,132,128
FAM166A,1,1
FAM166B,8,4
FAM166C,22,6
FAM167A,16,4
FAM167B,2,0
FAM168A,52,22
FAM168B,87,43
FAM169A,75,23
FAM171A1,66,41
FAM171A2,8,4
FAM171B,105,33
FAM172A,156,99
FAM174A,43,25
FAM174B,32,18
FAM174C,32,8
FAM177A1,263,190
FAM177B,2,1
FAM178B,36,30
FAM180B,4,0
FAM181A,14,10
FAM181B,56,0
FAM184A,188,49
FAM184B,80,41
FAM185A,129,92
FAM186B,1,0
FAM187A,16,8
FAM187B,1,0
FAM193A,99,71
FAM193B,108,57
FAM199X,35,8
FAM200A,48,23
FAM200B,215,78
FAM204A,331,208
FAM205C,1,1
FAM209A,3,3
FAM209B,1,0
FAM20A,8,0
FAM20B,153,121
FAM20C,37,9
FAM210A,61,17
FAM210B,34,14
FAM216A,213,181
FAM216B,7,1
FAM217A,1,1
FAM217B,49,17
FAM219A,31,19
FAM219B,183,115
FAM220A,26,21
FAM221A,179,96
FAM221B,3,3
FAM222A,2,1
FAM222B,41,13
FAM227A,3,0
FAM227B,112,72
FAM228A,4,4
FAM228B,441,370
FAM229A,16,0
FAM229B,83,54
FAM234A,236,132
FAM234B,83,30
FAM237A,10,4
FAM240C,3,1
FAM241A,28,8
FAM241B,72,54
FAM246A,7,7
FAM246B,4,4
FAM246C,18,1
FAM24B,46,23
FAM32A,173,151
FAM3A,140,99
FAM3B,4,2
FAM3C,276,179
FAM3D,1,1
FAM43A,36,1
FAM43B,18,0
FAM47A,3,0
FAM47E,88,61
FAM47E-STBD1,28,17
FAM50A,127,92
FAM50B,12,6
FAM53A,5,3
FAM53B,12,6
FAM53C,65,30
FAM72A,44,22
FAM72B,44,25
FAM72C,31,17
FAM72D,38,21
FAM76A,69,22
FAM76B,160,87
FAM78A,13,0
FAM78B,14,2
FAM81A,269,135
FAM81B,15,13
FAM83B,1,1
FAM83D,28,15
FAM83G,1,0
FAM83H,1,1
FAM86B1,38,35
FAM86B2,5,5
FAM89A,12,7
FAM89B,19,5
FAM8A1,50,4
FAM90A1,10,4
FAM91A1,64,15
FAM98A,103,76
FAM98B,72,46
FAM98C,112,77
FAM9C,2,0
FAN1,163,23
FANCA,87,27
FANCB,38,14
FANCC,41,19
FANCD2,85,33
FANCD2OS,5,5
FANCE,48,27
FANCF,142,27
FANCG,147,117
FANCI,229,123
FANCL,294,213
FANCM,86,11
FANK1,70,43
FAP,39,21
FAR1,135,56
FAR2,133,60
FARP1,292,137
FARP2,94,22
FARS2,115,83
FARSA,280,240
FARSB,455,370
FAS,57,32
FASN,56,17
FASTK,250,192
FASTKD1,147,87
FASTKD2,178,53
FASTKD3,84,23
FASTKD5,12,6
FAT1,73,33
FAT3,89,11
FAT4,95,42
FATE1,5,1
FAU,310,285
FAXC,143,115
FAXDC2,74,39
FBF1,26,9
FBH1,164,78
FBL,190,161
FBLIM1,54,25
FBLL1,15,1
FBLN1,119,55
FBLN2,56,9
FBLN5,39,15
FBLN7,43,19
FBN1,39,23
FBN2,25,4
FBN3,36,9
FBP1,13,4
FBRS,19,3
FBRSL1,6,6
FBXL12,60,31
FBXL13,14,4
FBXL14,28,25
FBXL15,116,81
FBXL16,55,47
FBXL17,57,20
FBXL18,51,39
FBXL19,8,1
FBXL2,330,215
FBXL20,123,90
FBXL22,1,1
FBXL3,91,50
FBXL4,91,57
FBXL5,280,161
FBXL6,48,18
FBXL7,4,0
FBXL8,10,0
FBXO10,36,10
FBXO11,242,41
FBXO15,47,25
FBXO16,149,83
FBXO17,47,20
FBXO2,53,44
FBXO21,172,61
FBXO22,112,84
FBXO24,2,2
FBXO25,163,103
FBXO27,70,42
FBXO28,73,26
FBXO3,225,137
FBXO30,64,20
FBXO31,45,23
FBXO32,47,8
FBXO33,45,27
FBXO34,46,25
FBXO36,86,75
FBXO38,236,65
FBXO39,2,0
FBXO4,92,35
FBXO40,7,0
FBXO41,52,31
FBXO42,124,85
FBXO43,21,6
FBXO44,453,373
FBXO45,32,9
FBXO46,19,17
FBXO48,27,21
FBXO5,59,31
FBXO6,53,23
FBXO7,222,110
FBXO8,73,30
FBXO9,108,61
FBXW10,3,2
FBXW11,139,52
FBXW12,2,1
FBXW2,129,84
FBXW4,55,38
FBXW5,167,132
FBXW7,263,96
FBXW8,58,32
FBXW9,68,53
FCER1A,2,0
FCER1G,30,21
FCER2,4,1
FCF1,259,230
FCGBP,23,1
FCGR1A,39,17
FCGR2A,42,25
FCGR2C,1,1
FCGR3A,37,23
FCGR3B,1,0
FCGRT,141,83
FCHO1,152,106
FCHO2,111,35
FCHSD1,35,16
FCHSD2,163,36
FCMR,6,2
FCN1,1,0
FCN2,2,2
FCN3,5,1
FCRLA,1,0
FCRLB,21,4
FCSK,50,7
FDFT1,577,432
FDPS,505,435
FDX1,76,28
FDX2,70,42
FDXACB1,61,23
FDXR,39,19
FECH,101,32
FEM1A,138,9
FEM1B,34,3
FEM1C,44,10
FEN1,37,19
FER,125,78
FER1L5,6,4
FERD3L,7,0
FERMT1,4,0
FERMT2,145,73
FERMT3,24,7
FES,95,56
FETUB,1,1
FEZ1,555,450
FEZ2,164,109
FEZF1,6,6
FEZF2,111,90
FFAR3,1,0
FFAR4,29,8
FGD1,61,11
FGD2,2,0
FGD3,82,31
FGD4,90,14
FGD5,25,4
FGD6,30,1
FGF1,111,41
FGF10,14,3
FGF11,37,11
FGF12,139,44
FGF13,91,62
FGF14,29,4
FGF16,2,0
FGF17,54,6
FGF18,10,1
FGF19,4,0
FGF2,10,2
FGF20,10,5
FGF22,6,0
FGF3,2,0
FGF5,11,0
FGF7,4,0
FGF9,95,59
FGFBP1,1,0
FGFBP2,15,10
FGFBP3,39,28
FGFR1,142,80
FGFR1OP2,194,64
FGFR2,183,83
FGFR3,84,43
FGFR4,14,1
FGFRL1,32,15
FGGY,105,71
FGL1,18,5
FGL2,2,0
FGR,26,14
FH,194,147
FHAD1,16,8
FHDC1,12,5
FHIT,34,12
FHL1,226,147
FHL2,64,29
FHL3,27,14
FHL5,17,4
FHOD1,35,20
FHOD3,216,69
FIBCD1,3,1
FIBIN,56,1
FIBP,330,261
FICD,48,28
FIG4,248,111
FIGN,12,2
FIGNL1,97,44
FILIP1,55,13
FILIP1L,17,5
FIP1L1,703,497
FIS1,119,94
FITM1,1,0
FITM2,59,57
FIZ1,4,2
FJX1,10,9
FKBP10,53,20
FKBP11,42,15
FKBP14,54,5
FKBP15,129,56
FKBP1A,356,304
FKBP1B,116,83
FKBP1C,7,0
FKBP2,187,144
FKBP3,483,418
FKBP4,233,177
FKBP5,69,52
FKBP6,1,0
FKBP7,53,20
FKBP8,415,354
FKBP9,72,32
FKBPL,4,2
FKRP,16,3
FKTN,57,21
FLACC1,23,6
FLAD1,239,164
FLCN,91,65
FLI1,35,17
FLII,175,119
FLNA,148,38
FLNB,98,8
FLNC,18,18
FLOT1,135,105
FLOT2,184,144
FLRT1,30,10
FLRT2,139,89
FLRT3,36,11
FLT1,59,12
FLT3,18,2
FLT3LG,39,18
FLT4,15,2
FLVCR1,43,24
FLVCR2,14,4
FLYWCH1,80,6
FLYWCH2,92,70
FMC1,51,34
FMC1-LUC7L2,12,6
FMN1,8,2
FMN2,142,45
FMNL1,91,27
FMNL2,301,213
FMNL3,72,46
FMO1,14,7
FMO2,7,7
FMO3,11,4
FMO4,12,7
FMO5,24,12
FMOD,8,1
FMR1,430,200
FN1,227,43
FN3K,28,12
FN3KRP,114,81
FNBP1,130,64
FNBP1L,519,314
FNBP4,223,132
FNDC1,20,5
FNDC10,3,2
FNDC11,7,7
FNDC3A,184,22
FNDC3B,76,13
FNDC4,62,32
FNDC5,43,28
FNDC7,2,1
FNDC8,1,1
FNDC9,20,8
FNIP1,78,20
FNIP2,42,6
FNTA,252,136
FNTB,96,60
FOCAD,175,133
FOLH1,128,60
FOLR1,7,1
FOLR2,33,13
FOS,44,13
FOSB,23,4
FOSL1,3,0
FOSL2,29,3
FOXB1,1,0
FOXC1,40,0
FOXC2,5,0
FOXD2,3,0
FOXD4,12,0
FOXD4L1,6,0
FOXD4L3,6,0
FOXD4L4,4,0
FOXD4L6,12,0
FOXF1,3,0
FOXF2,10,1
FOXG1,195,38
FOXH1,1,0
FOXJ1,5,0
FOXJ2,31,7
FOXJ3,70,25
FOXK1,210,206
FOXK2,122,26
FOXL2,4,0
FOXL2NB,2,1
FOXM1,44,27
FOXN2,62,36
FOXN3,12,9
FOXN4,24,3
FOXO1,17,0
FOXO3,26,6
FOXO3B,6,3
FOXO4,37,6
FOXO6,2,2
FOXP1,262,177
FOXP2,127,47
FOXP3,2,1
FOXP4,28,6
FOXQ1,18,0
FOXR1,2,1
FOXR2,1,1
FOXRED1,205,152
FOXRED2,186,143
FOXS1,12,1
FPGS,113,56
FPGT,59,24
FPGT-TNNI3K,37,17
FPR1,5,2
FPR2,1,0
FPR3,1,0
FRA10AC1,413,283
FRAS1,37,5
FRAT2,14,0
FREM1,32,30
FREM2,2,0
FREM3,49,14
FRG1,94,66
FRK,6,5
FRMD3,120,68
FRMD4A,76,39
FRMD4B,201,92
FRMD5,82,34
FRMD6,42,19
FRMD7,1,0
FRMD8,25,5
FRMPD1,11,1
FRMPD2,87,44
FRMPD4,56,5
FRRS1,1,1
FRRS1L,29,22
FRS2,53,19
FRS3,32,20
FRY,263,149
FRYL,158,31
FRZB,62,15
FSBP,33,8
FSCN1,160,135
FSCN2,1,0
FSCN3,17,17
FSD1,307,206
FSD1L,143,65
FSIP1,51,14
FSIP2,8,1
FST,22,5
FSTL1,101,56
FSTL3,27,6
FSTL4,42,16
FSTL5,182,111
FTCD,30,3
FTCDNL1,51,43
FTH1,817,749
FTL,531,513
FTO,185,119
FTSJ1,295,227
FTSJ3,156,82
FUBP1,602,465
FUBP3,178,113
FUCA1,42,22
FUCA2,130,72
FUNDC1,112,78
FUNDC2,163,120
FUOM,38,23
FURIN,39,12
FUS,1718,1530
FUT1,7,2
FUT10,66,31
FUT11,58,40
FUT2,2,1
FUT4,63,0
FUT8,166,67
FUT9,68,41
FUZ,133,100
FXN,49,23
FXR1,435,231
FXR2,64,41
FXYD1,158,99
FXYD2,2,0
FXYD3,21,11
FXYD4,10,4
FXYD5,31,20
FXYD6,917,868
FXYD6-FXYD2,13,9
FXYD7,243,219
FYB1,21,7
FYB2,3,1
FYCO1,10,1
FYN,486,324
FYTTD1,172,106
FZD1,121,3
FZD10,16,0
FZD2,89,4
FZD3,187,72
FZD4,6,2
FZD6,43,5
FZD7,81,2
FZD8,30,0
FZD9,23,0
FZR1,126,46
G0S2,10,2
G2E3,163,72
G3BP1,371,232
G3BP2,369,111
G6PC3,81,55
G6PD,75,60
GAA,147,79
GAB1,118,10
GAB2,24,3
GAB3,1,0
GABARAP,312,282
GABARAPL1,427,364
GABARAPL2,206,178
GABBR1,107,61
GABBR2,163,63
GABPA,89,33
GABPB1,155,97
GABPB2,43,26
GABRA1,245,94
GABRA2,335,167
GABRA3,60,30
GABRA4,78,19
GABRA5,119,71
GABRA6,15,12
GABRB1,94,56
GABRB2,78,13
GABRB3,104,24
GABRD,110,56
GABRE,4,2
GABRG1,70,17
GABRG2,256,115
GABRG3,15,2
GABRP,4,2
GABRQ,3,1
GAD1,313,184
GAD2,107,29
GADD45A,35,15
GADD45B,20,6
GADD45G,40,21
GADD45GIP1,38,32
GADL1,8,1
GAGE10,5,3
GAGE12B,1,1
GAGE12C,1,0
GAGE12H,1,0
GAGE13,1,1
GAK,117,56
GAL,8,1
GAL3ST1,12,5
GAL3ST3,3,1
GAL3ST4,31,10
GALC,118,39
GALE,139,121
GALK1,36,21
GALK2,195,123
GALM,32,19
GALNS,51,34
GALNT1,142,27
GALNT10,19,0
GALNT11,193,112
GALNT12,25,8
GALNT13,58,11
GALNT14,61,35
GALNT15,76,10
GALNT16,122,54
GALNT17,177,149
GALNT18,93,75
GALNT2,110,49
GALNT3,28,7
GALNT4,28,0
GALNT5,1,0
GALNT6,4,1
GALNT7,69,28
GALNT8,103,70
GALNT9,70,33
GALNTL5,29,18
GALNTL6,64,2
GALP,11,9
GALR1,8,0
GALR2,2,0
GALT,346,290
GAMT,73,49
GAN,18,6
GANAB,191,144
GANC,115,57
GAP43,814,783
GAPDH,1969,1887
GAPDHS,3,0
GAPT,1,1
GAPVD1,185,31
GAR1,122,84
GAREM1,32,5
GAREM2,27,10
GARNL3,315,149
GARRE1,62,12
GARS1,367,287
GART,360,228
GAS1,12,1
GAS2,34,16
GAS2L1,54,24
GAS2L2,4,0
GAS2L3,87,57
GAS6,42,16
GAS7,180,65
GAS8,190,99
GASK1A,23,2
GASK1B,66,16
GATA1,5,1
GATA2,10,3
GATA3,60,22
GATA6,1,0
GATAD1,31,4
GATAD2A,81,17
GATAD2B,38,6
GATB,220,113
GATC,136,110
GATD1,364,346
GATM,119,70
GBA2,194,132
GBA3,3,3
GBE1,111,100
GBF1,212,42
GBGT1,31,18
GBP1,24,8
GBP2,33,9
GBP3,18,8
GBP4,10,7
GBP5,1,0
GBP6,1,0
GBX1,2,1
GBX2,1,0
GCA,263,160
GCAT,96,63
GCC1,15,4
GCC2,386,122
GCDH,153,98
GCFC2,156,71
GCG,16,8
GCH1,7,1
GCHFR,28,10
GCK,18,6
GCKR,14,11
GCLC,102,6
GCLM,35,8
GCN1,98,32
GCNA,29,4
GCNT1,18,9
GCNT2,29,0
GCOM1,3,0
GCSAML,1,1
GCSH,116,57
GDA,130,67
GDAP1,244,98
GDAP1L1,227,148
GDAP2,116,35
GDE1,75,44
GDF10,24,0
GDF11,38,0
GDF15,3,0
GDF5,4,1
GDF9,21,4
GDI1,1038,972
GDI2,603,482
GDPD1,167,130
GDPD2,116,59
GDPD3,28,12
GDPD5,56,33
GDPGP1,16,5
GEM,17,10
GEMIN2,185,116
GEMIN4,23,14
GEMIN5,87,24
GEMIN6,64,48
GEMIN7,35,20
GEMIN8,126,62
GEN1,30,16
GET1,269,203
GET1-SH3BGR,12,5
GET3,186,156
GET4,90,40
GFAP,500,416
GFER,53,10
GFI1B,17,16
GFM1,246,168
GFM2,219,127
GFOD1,22,11
GFOD2,135,115
GFPT1,204,99
GFPT2,74,52
GFRA1,23,6
GFRA2,106,47
GFRA3,3,0
GFUS,77,58
GFY,8,2
GGA1,190,117
GGA2,176,88
GGA3,182,144
GGACT,15,3
GGCT,77,39
GGCX,140,63
GGH,143,84
GGN,14,7
GGNBP2,166,93
GGPS1,112,72
GGT1,32,21
GGT5,32,13
GGT7,142,87
GGTA1,37,13
GGTLC3,1,0
GH1,1,0
GHDC,46,23
GHITM,480,408
GHR,1,0
GHRH,9,5
GHRHR,6,2
GHRL,7,3
GID4,29,3
GID8,108,63
GIGYF1,33,13
GIGYF2,547,273
GIMAP1,5,1
GIMAP2,10,7
GIMAP4,37,9
GIMAP5,20,3
GIMAP6,8,0
GIMAP7,6,5
GIMAP8,21,2
GIN1,88,37
GINM1,154,84
GINS1,101,90
GINS2,51,28
GINS3,35,27
GINS4,56,40
GIP,1,0
GIPC1,63,38
GIPC2,19,12
GIPR,3,1
GIT1,141,100
GIT2,122,69
GJA1,70,59
GJA4,3,0
GJA5,5,3
GJB1,4,0
GJB2,4,0
GJB3,7,0
GJB5,6,1
GJB6,80,55
GJC1,109,91
GJC3,2,1
GJD2,1,0
GJD3,6,0
GK,92,51
GK5,64,26
GKAP1,99,72
GKN2,2,1
GLA,80,34
GLB1,183,136
GLB1L,32,18
GLB1L2,42,40
GLB1L3,36,14
GLCCI1,48,17
GLCE,61,23
GLDC,75,61
GLDN,40,32
GLE1,140,71
GLG1,169,70
GLI1,18,0
GLI3,43,11
GLI4,13,3
GLIPR1,65,37
GLIPR1L2,42,22
GLIPR2,80,47
GLIS1,7,0
GLIS2,3,3
GLIS3,57,35
GLMN,1247,1052
GLMP,98,65
GLO1,239,202
GLOD4,275,201
GLP1R,2,2
GLP2R,6,3
GLRA2,122,77
GLRA3,46,7
GLRB,333,164
GLRX,70,43
GLRX2,42,20
GLRX3,379,303
GLRX5,28,21
GLS,218,42
GLS2,150,96
GLT1D1,71,42
GLT8D1,240,187
GLT8D2,69,29
GLTP,95,75
GLUD1,227,118
GLUD2,23,0
GLUL,1033,905
GLYAT,2,0
GLYATL1,7,7
GLYATL2,77,69
GLYCTK,38,27
GLYR1,318,246
GM2A,95,80
GMCL1,105,29
GMCL2,2,0
GMDS,46,21
GMEB1,190,152
GMEB2,10,0
GMFB,214,163
GMFG,41,22
GMIP,40,17
GMNC,6,2
GMNN,101,65
GMPPA,149,93
GMPPB,84,47
GMPR,33,16
GMPR2,294,202
GMPS,234,130
GNA11,7,3
GNA12,37,17
GNA13,37,10
GNA14,41,2
GNA15,27,6
GNAI1,280,252
GNAI2,143,89
GNAI3,207,104
GNAL,199,117
GNAO1,224,88
GNAQ,58,19
GNAS,1242,1059
GNAT1,2,2
GNAT2,3,3
GNAT3,1,1
GNAZ,69,28
GNB1,283,218
GNB1L,62,46
GNB2,124,95
GNB3,45,5
GNB4,171,120
GNB5,306,231
GNE,158,138
GNG10,81,65
GNG11,21,10
GNG12,37,18
GNG13,20,16
GNG2,423,351
GNG3,160,140
GNG4,111,71
GNG5,44,31
GNG7,111,89
GNG8,43,39
GNGT2,14,5
GNL1,39,8
GNL2,131,80
GNL3,377,267
GNL3L,127,99
GNLY,20,6
GNMT,17,6
GNPAT,258,152
GNPDA1,144,89
GNPDA2,194,106
GNPNAT1,104,70
GNPTAB,149,35
GNPTG,319,242
GNRH1,19,3
GNS,94,37
GOLGA1,125,64
GOLGA2,170,77
GOLGA3,147,110
GOLGA4,423,260
GOLGA5,180,81
GOLGA6A,1,0
GOLGA6L10,1,1
GOLGA6L22,2,0
GOLGA6L4,7,2
GOLGA6L7,4,4
GOLGA6L9,20,2
GOLGA7,226,169
GOLGA7B,68,33
GOLGA8A,158,55
GOLGA8B,156,49
GOLGA8M,3,3
GOLGA8N,1,1
GOLGA8O,1,1
GOLGA8S,5,4
GOLGB1,280,61
GOLIM4,164,67
GOLM1,239,151
GOLM2,194,71
GOLPH3,66,46
GOLPH3L,72,35
GOLT1A,6,3
GOLT1B,141,78
GON4L,134,40
GON7,26,19
GOPC,136,69
GORAB,74,46
GORASP1,95,60
GORASP2,161,100
GOSR1,99,43
GOSR2,258,82
GOT1,290,232
GOT2,252,215
GP1BA,1,1
GP1BB,3,3
GP9,2,0
GPA33,2,2
GPAA1,140,100
GPALPP1,253,165
GPAM,46,14
GPANK1,23,3
GPAT2,58,44
GPAT3,28,3
GPAT4,186,99
GPATCH1,197,63
GPATCH11,103,39
GPATCH2,76,21
GPATCH2L,114,28
GPATCH3,34,23
GPATCH4,118,79
GPATCH8,45,12
GPBAR1,1,0
GPBP1,713,608
GPBP1L1,197,98
GPC1,93,22
GPC2,127,104
GPC3,24,6
GPC4,54,27
GPC5,5,0
GPC6,31,7
GPCPD1,160,49
GPD1,64,30
GPD1L,132,97
GPD2,102,19
GPER1,18,6
GPHA2,3,0
GPHN,351,224
GPI,980,839
GPIHBP1,8,4
GPKOW,80,51
GPLD1,9,3
GPM6A,5307,5062
GPM6B,626,466
GPN1,232,166
GPN2,98,84
GPN3,95,60
GPNMB,96,42
GPR107,50,22
GPR108,255,205
GPR12,40,28
GPR132,2,0
GPR137,199,117
GPR137B,108,62
GPR137C,59,15
GPR139,5,0
GPR143,22,10
GPR146,15,8
GPR149,3,0
GPR150,16,1
GPR151,6,0
GPR153,7,2
GPR155,75,11
GPR156,9,4
GPR158,38,31
GPR160,17,5
GPR161,100,57
GPR162,131,62
GPR17,13,1
GPR173,25,13
GPR176,35,17
GPR180,50,12
GPR183,7,0
GPR19,39,21
GPR21,32,14
GPR22,94,33
GPR25,6,0
GPR26,27,13
GPR27,35,0
GPR3,13,10
GPR34,21,1
GPR35,5,3
GPR37,75,15
GPR37L1,47,23
GPR39,2,2
GPR4,6,2
GPR45,17,0
GPR52,16,1
GPR55,10,10
GPR6,8,4
GPR61,78,33
GPR62,18,0
GPR63,28,16
GPR65,1,0
GPR68,8,4
GPR75,21,7
GPR83,12,5
GPR84,2,1
GPR85,103,30
GPR89A,154,95
GPR89B,178,108
GPRASP1,76,67
GPRASP2,100,92
GPRC5A,2,0
GPRC5B,144,88
GPRC5C,49,7
GPRIN1,11,7
GPRIN2,7,5
GPRIN3,8,2
GPS1,305,244
GPS2,304,237
GPSM1,42,8
GPSM2,206,111
GPSM3,6,0
GPT,34,17
GPT2,100,34
GPX1,34,24
GPX2,5,3
GPX3,115,97
GPX4,447,410
GPX7,51,30
GPX8,31,6
GRAMD1A,125,89
GRAMD1B,276,184
GRAMD1C,79,28
GRAMD2A,15,1
GRAMD2B,163,82
GRAMD4,29,7
GRAP,7,1
GRAP2,3,2
GRAPL,5,2
GRB10,52,10
GRB14,83,31
GRB2,201,131
GRB7,10,6
GREB1,31,6
GREB1L,3,3
GREM1,4,0
GREM2,15,6
GRHL1,25,20
GRHPR,196,132
GRIA1,385,109
GRIA2,769,313
GRIA3,962,566
GRIA4,218,45
GRID1,50,22
GRID2,14,0
GRID2IP,13,10
GRIK1,92,37
GRIK2,485,117
GRIK3,33,5
GRIK4,11,5
GRIK5,17,15
GRIN1,293,153
GRIN2A,74,16
GRIN2B,143,82
GRIN2C,2,0
GRIN2D,1,0
GRIN3A,8,0
GRIN3B,1,1
GRINA,76,52
GRIP1,88,35
GRIP2,28,12
GRIPAP1,495,436
GRK2,80,43
GRK3,108,45
GRK4,145,94
GRK5,69,19
GRK6,97,33
GRM1,49,10
GRM2,133,70
GRM3,245,176
GRM4,27,7
GRM5,87,9
GRM7,130,68
GRM8,103,46
GRN,150,119
GRP,61,28
GRPEL1,70,31
GRPEL2,45,18
GRPR,1,1
GRSF1,304,183
GRTP1,48,28
GRWD1,55,13
GRXCR1,2,1
GSAP,89,35
GSDMA,1,1
GSDMB,57,16
GSDMC,3,2
GSDMD,16,7
GSDME,148,86
GSE1,110,4
GSG1,15,1
GSG1L,25,5
GSK3A,43,22
GSK3B,96,25
GSKIP,70,32
GSN,202,136
GSPT1,187,64
GSPT2,108,18
GSR,82,50
GSS,196,154
GSTA1,7,0
GSTA3,1,1
GSTA4,401,313
GSTCD,52,16
GSTK1,181,130
GSTM1,130,93
GSTM2,164,103
GSTM3,208,132
GSTM4,111,71
GSTM5,104,72
GSTO1,168,118
GSTO2,60,30
GSTP1,265,219
GSTT2,13,5
GSTT2B,41,19
GSTZ1,62,31
GSX1,3,0
GSX2,9,1
GTDC1,291,204
GTF2A1,43,3
GTF2A2,144,98
GTF2B,79,46
GTF2E1,49,22
GTF2E2,100,64
GTF2F1,227,139
GTF2F2,222,180
GTF2H1,267,119
GTF2H2,142,80
GTF2H2C,81,32
GTF2H3,320,218
GTF2H4,36,18
GTF2H5,90,76
GTF2I,529,217
GTF2IRD1,137,68
GTF2IRD2,74,19
GTF2IRD2B,90,31
GTF3A,295,192
GTF3C1,139,55
GTF3C2,169,103
GTF3C3,232,84
GTF3C4,73,4
GTF3C5,204,129
GTF3C6,235,210
GTPBP1,136,55
GTPBP10,133,59
GTPBP2,41,14
GTPBP3,78,41
GTPBP4,283,181
GTPBP6,114,80
GTPBP8,119,37
GTSE1,95,43
GTSF1,10,1
GUCA1A,12,2
GUCA1C,8,1
GUCA2B,1,1
GUCD1,32,23
GUCY1A1,239,74
GUCY1A2,55,9
GUCY1B1,335,284
GUCY2C,4,3
GUCY2D,5,3
GUF1,236,126
GUK1,868,782
GULP1,123,76
GUSB,179,136
GVQW3,37,22
GXYLT1,10,0
GXYLT2,6,1
GYG1,73,36
GYG2,93,50
GYPA,23,7
GYPB,14,4
GYPC,21,9
GYPE,12,6
GYS1,61,32
GZF1,132,61
GZMA,2,0
GZMB,1,0
GZMH,1,0
GZMK,1,0
GZMM,4,0
H1-0,695,663
H1-1,10,0
H1-10,27,19
H1-2,22,2
H1-3,17,0
H1-4,17,0
H1-5,18,0
H1-6,1,0
H2AB1,3,0
H2AB2,2,0
H2AB3,2,0
H2AC11,24,1
H2AC12,7,0
H2AC13,10,0
H2AC14,9,0
H2AC15,26,0
H2AC16,5,0
H2AC17,10,0
H2AC18,12,0
H2AC19,14,1
H2AC20,6,1
H2AC21,5,0
H2AC4,7,0
H2AC6,113,81
H2AC7,17,0
H2AC8,17,0
H2AJ,7,3
H2AX,16,11
H2AZ1,364,345
H2AZ2,302,253
H2BC10,4,0
H2BC11,14,5
H2BC12,16,9
H2BC13,10,1
H2BC14,7,0
H2BC15,8,4
H2BC17,5,0
H2BC18,2,1
H2BC21,22,4
H2BC3,7,0
H2BC4,16,4
H2BC5,21,10
H2BC6,16,16
H2BC7,14,0
H2BC8,17,1
H2BC9,18,2
H3-3A,512,457
H3-3B,897,800
H3-4,1,0
H3-5,2,0
H3C1,8,0
H3C10,16,0
H3C11,4,0
H3C13,3,0
H3C14,20,13
H3C15,21,13
H3C2,8,1
H3C3,7,0
H3C4,12,0
H3C6,12,8
H3C7,4,0
H3C8,15,1
H4C1,2,0
H4C11,9,2
H4C12,10,0
H4C13,3,0
H4C14,28,14
H4C15,31,21
H4C2,6,0
H4C3,8,5
H4C4,8,0
H4C5,21,2
H4C6,5,0
H4C8,22,9
H4C9,15,0
H6PD,8,8
HAAO,13,12
HABP2,5,0
HABP4,164,76
HACD1,107,90
HACD2,77,66
HACD3,282,252
HACD4,31,19
HACE1,172,65
HACL1,162,112
HADH,452,271
HADHA,360,235
HADHB,327,243
HAGH,161,116
HAGHL,129,102
HAMP,23,9
HAP1,30,14
HAPLN1,48,11
HAPLN2,77,45
HAPLN3,16,3
HAPLN4,15,4
HARBI1,37,18
HARS1,333,178
HARS2,178,108
HAS1,13,2
HAS2,4,0
HAS3,18,5
HASPIN,24,9
HAT1,162,93
HAUS1,219,165
HAUS2,197,115
HAUS3,124,34
HAUS4,121,87
HAUS5,112,54
HAUS6,115,37
HAUS7,126,94
HAUS8,80,54
HAVCR2,21,4
HAX1,157,105
HBA1,411,397
HBA2,456,440
HBB,58,53
HBD,3,0
HBE1,11,5
HBEGF,27,7
HBG1,299,281
HBG2,320,312
HBM,12,4
HBP1,180,82
HBQ1,12,5
HBS1L,395,278
HBZ,18,5
HCAR1,2,0
HCAR2,1,0
HCCS,63,26
HCFC1,27,12
HCFC1R1,83,59
HCFC2,107,33
HCG22,4,3
HCK,23,5
HCLS1,49,23
HCN1,56,4
HCN2,1,1
HCN3,68,28
HCN4,6,6
HCRT,1,0
HCRTR1,18,15
HCRTR2,74,21
HCST,31,23
HDAC1,141,69
HDAC10,72,40
HDAC11,189,131
HDAC2,2466,2139
HDAC3,245,183
HDAC4,20,6
HDAC5,160,80
HDAC6,254,138
HDAC7,58,21
HDAC8,189,139
HDAC9,277,119
HDC,7,2
HDDC2,234,167
HDDC3,55,26
HDGF,133,95
HDGFL1,1,0
HDGFL2,160,86
HDGFL3,284,151
HDHD2,273,220
HDHD3,23,14
HDHD5,158,121
HDLBP,469,338
HDX,72,33
HEATR1,166,27
HEATR3,69,51
HEATR4,15,14
HEATR5A,59,16
HEATR5B,154,76
HEATR6,89,38
HEBP1,31,20
HEBP2,75,48
HECA,28,0
HECTD1,247,64
HECTD2,114,27
HECTD3,98,71
HECTD4,135,62
HECW1,211,58
HECW2,57,3
HEG1,9,2
HELB,11,3
HELLS,158,65
HELQ,102,38
HELT,13,1
HELZ,90,13
HELZ2,4,0
HEMGN,22,4
HEMK1,148,102
HENMT1,117,84
HEPACAM,15,5
HEPACAM2,4,3
HEPH,101,28
HEPN1,12,2
HERC1,1106,709
HERC2,186,22
HERC3,176,66
HERC4,225,82
HERC5,28,3
HERC6,84,24
HERPUD1,158,105
HERPUD2,89,48
HES1,10,6
HES2,1,0
HES4,15,4
HES5,1,1
HES6,59,36
HES7,2,1
HESX1,25,21
HEXA,241,133
HEXB,131,55
HEXD,104,56
HEXIM1,156,14
HEXIM2,41,7
HEY1,120,73
HEY2,35,17
HEYL,11,4
HFE,3,3
HFM1,61,23
HGD,15,13
HGF,37,5
HGFAC,34,11
HGH1,22,4
HGS,166,148
HGSNAT,81,19
HHAT,52,28
HHATL,141,103
HHEX,20,3
HHIP,59,13
HHIPL1,3,2
HHIPL2,1,0
HIBADH,84,63
HIBCH,252,163
HIC1,1,1
HIC2,1,1
HID1,160,122
HIF1A,241,129
HIF1AN,148,85
HIF3A,125,74
HIGD1A,213,157
HIGD1B,49,31
HIGD2A,31,27
HIKESHI,220,170
HILPDA,40,26
HINFP,201,141
HINT1,213,157
HINT2,59,40
HINT3,160,117
HIP1,51,25
HIP1R,168,79
HIPK1,50,28
HIPK2,30,15
HIPK3,72,5
HIPK4,2,0
HIRA,95,61
HIRIP3,178,124
HIVEP1,99,47
HIVEP2,135,28
HIVEP3,29,13
HJURP,87,52
HJV,6,5
HK1,366,272
HK2,43,5
HK3,3,1
HKDC1,19,2
HLA-A,116,79
HLA-B,30,21
HLA-C,39,31
HLA-DMA,7,2
HLA-DMB,6,1
HLA-DOB,1,0
HLA-DPA1,13,4
HLA-DPB1,30,20
HLA-DQA1,2,0
HLA-DQB1,17,3
HLA-DRA,9,0
HLA-DRB1,37,22
HLA-DRB5,8,3
HLA-E,55,32
HLA-F,12,3
HLCS,38,13
HLF,117,18
HLTF,245,95
HLX,7,0
HM13,438,288
HMBOX1,50,29
HMBS,151,97
HMCES,192,135
HMCN1,6,1
HMG20A,163,97
HMG20B,82,47
HMGA1,154,124
HMGA2,55,46
HMGB1,1533,1404
HMGB1P1,5,5
HMGB2,203,152
HMGB3,246,191
HMGCL,82,57
HMGCLL1,142,77
HMGCR,468,252
HMGCS1,505,334
HMGN1,766,644
HMGN2,820,717
HMGN3,455,407
HMGN4,219,202
HMGN5,172,112
HMGXB3,92,20
HMGXB4,203,99
HMMR,77,31
HMOX1,21,4
HMOX2,111,61
HMSD,19,8
HNF1B,3,0
HNF4A,2,0
HNF4G,11,10
HNMT,79,37
HNRNPA0,298,135
HNRNPA1,2185,1992
HNRNPA1L2,45,0
HNRNPA2B1,2786,2312
HNRNPA3,1084,841
HNRNPAB,192,112
HNRNPC,1641,1434
HNRNPCL4,1,0
HNRNPD,293,157
HNRNPDL,915,698
HNRNPF,229,140
HNRNPH1,929,671
HNRNPH2,86,75
HNRNPH3,1011,848
HNRNPK,3373,3284
HNRNPL,323,264
HNRNPLL,333,227
HNRNPM,436,377
HNRNPR,633,435
HNRNPU,724,487
HNRNPUL1,301,105
HNRNPUL2,127,96
HNRNPUL2-BSCL2,5,2
HOATZ,13,6
HOGA1,24,11
HOMER1,145,36
HOMER2,39,23
HOMER3,31,18
HOMEZ,19,11
HOOK1,33,5
HOOK2,68,46
HOOK3,260,123
HOPX,121,76
HORMAD2,7,6
HOXA1,1,0
HOXB13,1,0
HOXB2,1,0
HOXC10,2,1
HOXD1,2,0
HP,2,0
HP1BP3,537,394
HPCA,175,136
HPCAL1,180,145
HPCAL4,86,30
HPDL,29,0
HPF1,161,108
HPGD,33,2
HPGDS,26,9
HPN,31,18
HPR,12,4
HPRT1,225,205
HPS1,384,332
HPS3,155,80
HPS4,217,127
HPS5,76,20
HPS6,45,0
HPSE,7,1
HPSE2,57,30
HPX,24,14
HR,54,14
HRAS,50,17
HRC,11,1
HRCT1,11,0
HRH1,11,6
HRH2,43,7
HRH3,20,11
HRK,21,10
HROB,49,38
HS1BP3,78,46
HS2ST1,82,15
HS3ST1,34,9
HS3ST2,51,32
HS3ST3A1,4,1
HS3ST3B1,3,0
HS3ST4,2,2
HS3ST5,48,18
HS6ST1,9,8
HS6ST2,10,8
HS6ST3,5,5
HSBP1,435,424
HSBP1L1,33,17
HSCB,108,75
HSD11B1,16,5
HSD11B1L,267,159
HSD11B2,10,6
HSD17B1,10,2
HSD17B10,72,44
HSD17B11,143,94
HSD17B12,176,114
HSD17B13,12,3
HSD17B14,82,61
HSD17B2,3,0
HSD17B3,3,0
HSD17B4,443,269
HSD17B6,77,55
HSD17B7,91,48
HSD17B8,12,5
HSD3B7,21,12
HSDL1,296,187
HSDL2,178,108
HSF1,125,85
HSF2,238,113
HSF2BP,56,40
HSF4,101,37
HSFX1,8,1
HSFX2,3,0
HSFX4,1,1
HSFY1,1,0
HSP90AA1,883,713
HSP90AB1,1658,1526
HSP90B1,848,698
HSPA12A,138,38
HSPA12B,26,8
HSPA13,88,46
HSPA14,131,63
HSPA1B,57,0
HSPA1L,3,0
HSPA2,66,66
HSPA4,454,259
HSPA4L,143,51
HSPA5,467,374
HSPA6,36,0
HSPA8,2027,1920
HSPA9,614,366
HSPB1,100,77
HSPB2,15,2
HSPB2-C11orf52,1,1
HSPB3,33,0
HSPB6,21,15
HSPB7,8,7
HSPB8,107,78
HSPB9,11,1
HSPBAP1,119,70
HSPBP1,209,198
HSPD1,732,607
HSPE1,188,155
HSPE1-MOB4,37,28
HSPG2,16,0
HSPH1,615,240
HTATIP2,80,37
HTATSF1,214,128
HTD2,63,21
HTR1B,7,3
HTR1E,29,16
HTR1F,23,12
HTR2A,66,8
HTR2B,12,5
HTR2C,10,1
HTR3A,7,1
HTR3B,14,7
HTR3E,1,0
HTR4,9,1
HTR5A,40,13
HTR6,5,2
HTR7,11,0
HTRA1,119,89
HTRA2,258,154
HTRA3,7,1
HTT,139,18
HUNK,37,5
HUS1,96,48
HUWE1,401,161
HVCN1,68,45
HYAL1,9,0
HYAL2,21,9
HYAL3,27,7
HYDIN,51,14
HYI,158,90
HYKK,20,6
HYLS1,37,24
HYOU1,168,120
HYPK,134,72
IAH1,232,142
IARS1,320,146
IARS2,167,67
IBA57,15,2
IBSP,5,1
IBTK,184,66
ICA1,267,156
ICA1L,164,74
ICAM1,20,7
ICAM2,23,6
ICAM3,19,3
ICAM4,2,0
ICAM5,2,1
ICE1,193,71
ICE2,178,71
ICMT,129,100
ICOSLG,3,0
ID1,14,4
ID2,126,103
ID3,29,15
ID4,264,233
IDE,69,9
IDH1,203,140
IDH2,875,773
IDH3A,344,250
IDH3B,412,351
IDH3G,206,175
IDI1,257,148
IDI2,1,0
IDNK,93,74
IDS,528,404
IDUA,21,15
IER2,7,3
IER3,3,1
IER3IP1,240,213
IER5,108,8
IER5L,23,8
IFFO1,75,38
IFFO2,6,4
IFI16,130,35
IFI27,53,33
IFI27L1,63,42
IFI27L2,45,36
IFI30,29,13
IFI35,35,17
IFI44,107,52
IFI44L,48,18
IFI6,104,87
IFIH1,34,7
IFIT1,35,22
IFIT1B,1,0
IFIT2,23,3
IFIT3,29,11
IFIT5,40,14
IFITM1,24,12
IFITM10,30,20
IFITM2,14,7
IFITM3,36,24
IFNA1,2,0
IFNA13,2,0
IFNA2,1,0
IFNAR1,307,208
IFNAR2,63,29
IFNE,1,0
IFNGR1,93,49
IFNGR2,82,61
IFNLR1,2,1
IFNW1,1,0
IFRD1,336,177
IFRD2,141,109
IFT122,277,167
IFT140,94,30
IFT172,149,63
IFT20,125,81
IFT22,202,121
IFT27,107,99
IFT43,288,198
IFT46,164,110
IFT52,271,225
IFT57,208,112
IFT74,186,87
IFT80,194,93
IFT81,275,202
IFT88,294,254
IFTAP,150,72
IGBP1,173,133
IGDCC3,16,12
IGDCC4,11,1
IGF1,11,2
IGF1R,62,12
IGF2,4,1
IGF2BP1,47,15
IGF2BP2,118,61
IGF2BP3,81,65
IGF2R,83,18
IGFBP1,10,2
IGFBP2,74,50
IGFBP3,41,28
IGFBP4,15,2
IGFBP5,33,6
IGFBP6,42,20
IGFBP7,78,62
IGFBPL1,93,41
IGFL2,5,5
IGFL4,36,19
IGFLR1,35,14
IGFN1,1,0
IGHMBP2,62,9
IGIP,63,1
IGLON5,70,32
IGSF1,54,20
IGSF10,1,1
IGSF11,39,16
IGSF21,133,79
IGSF22,9,1
IGSF3,59,9
IGSF5,8,5
IGSF6,35,14
IGSF8,159,129
IGSF9,116,80
IGSF9B,4,1
IHH,2,1
IHO1,5,0
IK,2919,2832
IKBIP,54,16
IKBKB,107,36
IKBKE,18,8
IKBKG,74,31
IKZF2,5,4
IKZF4,15,9
IKZF5,71,48
IL10,3,0
IL10RA,9,1
IL10RB,46,14
IL11,1,0
IL11RA,91,53
IL12A,13,2
IL12RB1,8,4
IL12RB2,22,7
IL13RA1,24,3
IL13RA2,30,17
IL15,6,2
IL15RA,15,5
IL16,16,2
IL17B,1,0
IL17D,19,12
IL17RA,4,3
IL17RB,116,61
IL17RC,86,60
IL17RD,128,113
IL17REL,2,2
IL18,20,9
IL18BP,28,5
IL18R1,2,1
IL1A,1,0
IL1B,7,1
IL1R1,1,0
IL1R2,2,2
IL1RAP,50,20
IL1RAPL1,48,30
IL1RAPL2,14,4
IL1RL1,7,2
IL1RL2,19,13
IL1RN,2,0
IL20RA,20,8
IL20RB,3,0
IL23A,4,3
IL26,1,1
IL27RA,29,6
IL2RG,2,0
IL32,42,22
IL33,57,31
IL34,54,33
IL3RA,39,24
IL4I1,7,2
IL4R,13,2
IL6,4,0
IL6R,8,1
IL6ST,47,9
IL7,16,8
IL7R,1,0
ILDR2,15,14
ILF2,592,512
ILF3,758,440
ILK,271,215
ILKAP,188,122
ILRUN,97,56
ILVBL,200,163
IMMP1L,126,101
IMMP2L,196,165
IMMT,320,244
IMP3,219,219
IMP4,279,164
IMPA1,164,83
IMPA2,69,33
IMPACT,86,43
IMPDH1,86,71
IMPDH2,256,161
IMPG1,9,3
INA,349,303
INAFM1,14,6
INAFM2,3,0
INAVA,7,1
INCA1,30,18
INCENP,115,45
INF2,100,47
ING1,62,27
ING2,37,6
ING3,144,48
ING4,339,276
ING5,134,104
INHA,4,0
INHBA,15,5
INHBB,5,1
INHBE,2,0
INIP,156,106
INKA1,13,4
INKA2,35,18
INMT,1,1
INO80,89,11
INO80B,56,30
INO80B-WBP1,14,12
INO80C,89,55
INO80D,24,5
INO80E,102,56
INPP1,140,72
INPP4A,168,67
INPP4B,74,25
INPP5A,63,24
INPP5B,56,31
INPP5D,26,3
INPP5E,52,21
INPP5F,178,61
INPP5J,63,17
INPP5K,136,97
INPPL1,83,18
INS-IGF2,1,1
INSC,3,0
INSIG1,140,77
INSIG2,140,60
INSL5,1,1
INSL6,1,1
INSM1,40,9
INSM2,36,0
INSR,23,8
INSYN1,18,4
INSYN2A,17,4
INSYN2B,13,1
INTS1,74,32
INTS10,337,201
INTS11,352,276
INTS12,165,117
INTS13,149,84
INTS14,133,97
INTS2,54,9
INTS3,150,70
INTS4,124,74
INTS5,6,3
INTS6,151,24
INTS6L,146,51
INTS7,168,124
INTS8,283,160
INTS9,102,59
INTU,92,23
INVS,81,17
IP6K1,69,36
IP6K2,339,248
IP6K3,15,6
IPCEF1,59,10
IPMK,15,3
IPO11,160,92
IPO13,347,201
IPO4,89,47
IPO5,526,260
IPO7,195,56
IPO8,90,25
IPO9,329,182
IPP,78,31
IPPK,67,25
IQANK1,1,1
IQCA1,134,74
IQCB1,283,198
IQCC,26,7
IQCD,53,40
IQCE,123,35
IQCG,162,84
IQCH,13,9
IQCJ,9,2
IQCJ-SCHIP1,73,41
IQCK,187,119
IQCN,1,0
IQGAP1,114,11
IQGAP2,122,27
IQGAP3,35,17
IQSEC1,76,29
IQSEC2,89,59
IQSEC3,113,102
IQUB,12,3
IRAG1,31,8
IRAG2,93,43
IRAK1,31,10
IRAK1BP1,129,107
IRAK2,21,5
IRAK3,11,3
IRAK4,49,19
IREB2,116,16
IRF1,18,6
IRF2,106,71
IRF2BP1,8,0
IRF2BP2,50,27
IRF2BPL,54,38
IRF3,411,344
IRF5,24,9
IRF6,3,0
IRF7,14,4
IRF8,22,10
IRF9,153,88
IRGQ,51,46
IRS1,75,6
IRS2,29,23
IRS4,2,1
IRX1,3,0
IRX2,1,0
IRX3,3,0
IRX4,1,0
ISCA1,135,99
ISCA2,104,74
ISCU,233,158
ISG15,31,16
ISG20,14,1
ISG20L2,123,60
ISL1,24,4
ISLR,10,5
ISLR2,211,201
ISM1,5,2
ISM2,8,1
ISOC1,73,50
ISOC2,52,34
IST1,281,197
ISY1,165,118
ISY1-RAB43,4,3
ISYNA1,243,171
ITCH,171,70
ITFG1,475,332
ITFG2,208,137
ITGA1,43,16
ITGA10,4,0
ITGA11,6,1
ITGA2,9,4
ITGA2B,41,27
ITGA3,82,10
ITGA4,5,1
ITGA5,1,0
ITGA6,97,7
ITGA7,75,25
ITGA8,2,0
ITGA9,12,5
ITGAE,75,44
ITGAL,1,0
ITGAM,9,1
ITGAV,48,9
ITGAX,10,5
ITGB1,154,70
ITGB1BP1,412,337
ITGB1BP2,8,2
ITGB2,40,12
ITGB3,3,0
ITGB3BP,227,151
ITGB4,92,16
ITGB5,67,25
ITGB7,9,2
ITGB8,80,9
ITGBL1,2,0
ITIH2,28,25
ITIH3,1,1
ITIH4,22,2
ITIH5,56,15
ITK,1,0
ITM2A,400,358
ITM2B,390,316
ITM2C,281,252
ITPA,240,174
ITPK1,77,60
ITPKA,64,36
ITPKB,24,1
ITPKC,46,12
ITPR1,619,363
ITPR2,119,14
ITPR3,24,3
ITPRID1,13,6
ITPRID2,219,62
ITPRIP,9,1
ITPRIPL1,17,9
ITPRIPL2,4,4
ITSN1,367,126
ITSN2,199,61
IVD,269,191
IVNS1ABP,395,171
IWS1,256,141
IZUMO1,3,0
IZUMO2,1,1
IZUMO4,53,46
JADE1,77,16
JADE2,38,11
JADE3,27,4
JAG1,53,9
JAG2,19,4
JAGN1,17,12
JAK1,108,46
JAK2,85,17
JAK3,23,5
JAKMIP1,635,500
JAKMIP2,373,198
JAKMIP3,35,6
JAM2,252,206
JAM3,108,61
JAML,1,0
JARID2,37,10
JAZF1,121,71
JCAD,41,7
JCHAIN,1,0
JDP2,58,25
JHY,54,10
JKAMP,236,125
JMJD1C,336,111
JMJD4,83,39
JMJD6,70,25
JMJD7,57,27
JMJD7-PLA2G4B,28,19
JMJD8,69,51
JMY,92,3
JOSD1,40,15
JOSD2,53,34
JPH1,76,50
JPH2,1,0
JPH3,68,9
JPH4,53,24
JPT1,250,241
JPT2,109,61
JRK,30,15
JRKL,10,2
JSRP1,1,0
JTB,150,107
JUN,125,125
JUNB,39,9
JUND,6,5
JUP,110,80
KALRN,565,167
KANK1,168,104
KANK2,33,24
KANK3,32,11
KANK4,5,0
KANSL1,44,16
KANSL1L,85,24
KANSL2,255,252
KANSL3,167,94
KANTR,70,51
KARS1,287,207
KASH5,1,0
KAT14,206,60
KAT2A,158,109
KAT2B,137,23
KAT5,338,277
KAT6A,98,18
KAT6B,496,146
KAT7,168,82
KAT8,150,90
KATNA1,115,76
KATNAL1,155,93
KATNAL2,275,160
KATNB1,292,278
KATNBL1,350,225
KATNIP,83,34
KAZALD1,5,3
KAZN,87,13
KBTBD11,13,13
KBTBD11-OT1,17,3
KBTBD12,22,5
KBTBD13,1,0
KBTBD2,87,42
KBTBD3,87,25
KBTBD4,48,31
KBTBD6,64,14
KBTBD7,109,43
KBTBD8,11,1
KCMF1,103,30
KCNA1,17,1
KCNA2,11,5
KCNA3,32,4
KCNA4,15,4
KCNA5,41,0
KCNA6,7,0
KCNAB1,142,120
KCNAB2,156,89
KCNAB3,86,36
KCNB1,78,70
KCNB2,26,3
KCNC1,96,11
KCNC2,116,34
KCNC3,2,2
KCNC4,52,3
KCND1,14,3
KCND2,26,2
KCND3,16,14
KCNE1,13,4
KCNE2,2,0
KCNE3,14,7
KCNE4,5,3
KCNE5,11,0
KCNF1,31,5
KCNG1,49,34
KCNG3,2,0
KCNG4,1,0
KCNH1,20,8
KCNH2,52,19
KCNH3,137,75
KCNH4,26,7
KCNH5,21,2
KCNH6,4,1
KCNH7,45,12
KCNH8,92,16
KCNIP1,32,9
KCNIP2,172,138
KCNIP3,75,46
KCNIP4,123,84
KCNJ10,46,30
KCNJ11,8,2
KCNJ13,3,0
KCNJ14,3,0
KCNJ15,2,1
KCNJ16,9,7
KCNJ2,10,1
KCNJ3,102,51
KCNJ4,7,6
KCNJ5,3,1
KCNJ6,43,9
KCNJ8,23,4
KCNJ9,8,7
KCNK1,85,48
KCNK10,60,22
KCNK12,1,0
KCNK13,4,0
KCNK15,5,5
KCNK2,75,22
KCNK3,6,0
KCNK4,61,33
KCNK6,5,1
KCNK7,9,0
KCNK9,31,7
KCNMA1,119,32
KCNMB1,9,4
KCNMB2,30,6
KCNMB3,16,0
KCNMB4,90,58
KCNN1,142,119
KCNN2,117,34
KCNN3,41,12
KCNN4,6,3
KCNQ1,1,0
KCNQ2,92,66
KCNQ3,51,22
KCNQ4,8,0
KCNQ5,58,44
KCNRG,3,0
KCNS1,17,11
KCNS2,10,0
KCNS3,16,7
KCNT1,55,32
KCNT2,92,32
KCNV1,137,19
KCP,19,11
KCTD1,69,35
KCTD10,78,44
KCTD11,23,2
KCTD12,135,5
KCTD13,495,431
KCTD14,5,2
KCTD15,95,30
KCTD16,5,2
KCTD17,153,100
KCTD18,35,18
KCTD2,42,24
KCTD20,76,24
KCTD21,11,5
KCTD3,131,44
KCTD5,37,21
KCTD6,105,54
KCTD7,61,30
KCTD8,7,5
KCTD9,40,15
KDELR1,115,89
KDELR2,91,41
KDELR3,28,11
KDF1,12,5
KDM1A,402,274
KDM1B,80,19
KDM2A,80,13
KDM2B,125,47
KDM3A,207,64
KDM3B,139,38
KDM4A,177,73
KDM4B,58,7
KDM4C,122,57
KDM4D,13,3
KDM5A,122,36
KDM5B,286,89
KDM5C,193,136
KDM5D,108,40
KDM6A,474,130
KDM6B,130,64
KDM7A,15,7
KDM8,58,31
KDR,39,5
KDSR,67,29
KEAP1,116,76
KEL,7,3
KERA,3,1
KHDC1,103,70
KHDC1L,6,2
KHDC3L,3,0
KHDC4,127,87
KHDRBS1,218,144
KHDRBS2,237,159
KHDRBS3,263,159
KHK,95,64
KHNYN,45,9
KHSRP,109,80
KIAA0040,4,0
KIAA0232,130,51
KIAA0319,125,67
KIAA0319L,143,85
KIAA0408,155,17
KIAA0513,95,53
KIAA0586,166,54
KIAA0753,95,58
KIAA0825,75,37
KIAA0930,81,33
KIAA1143,120,100
KIAA1191,328,220
KIAA1217,92,31
KIAA1328,93,55
KIAA1522,73,15
KIAA1549,91,14
KIAA1549L,145,37
KIAA1586,129,70
KIAA1614,16,9
KIAA1671,7,0
KIAA1755,39,17
KIAA1958,10,2
KIAA2012,28,18
KIAA2013,10,0
KIAA2026,33,4
KIDINS220,398,159
KIF11,132,27
KIF12,19,11
KIF13A,70,30
KIF13B,44,27
KIF14,19,8
KIF15,143,42
KIF16B,76,29
KIF17,105,64
KIF18A,88,24
KIF18B,53,26
KIF19,24,7
KIF1A,512,358
KIF1B,537,231
KIF1C,85,22
KIF20A,87,47
KIF20B,123,48
KIF21A,600,234
KIF21B,79,15
KIF22,230,167
KIF23,148,75
KIF24,33,4
KIF25,36,25
KIF26A,21,2
KIF26B,17,2
KIF27,72,46
KIF2A,574,235
KIF2B,1,0
KIF2C,120,75
KIF3A,836,675
KIF3B,65,6
KIF3C,122,96
KIF4A,97,30
KIF5A,940,753
KIF5B,393,165
KIF5C,349,97
KIF6,36,19
KIF7,32,10
KIF9,77,31
KIFAP3,663,529
KIFBP,119,48
KIFC1,49,18
KIFC2,89,38
KIFC3,118,62
KIN,166,109
KIRREL1,9,4
KIRREL2,30,15
KIRREL3,206,92
KISS1R,3,0
KIT,88,41
KITLG,63,20
KIZ,193,90
KL,10,2
KLB,2,0
KLC1,1223,936
KLC2,252,191
KLC3,6,0
KLC4,178,108
KLF1,10,0
KLF10,48,31
KLF11,26,3
KLF12,54,25
KLF13,13,5
KLF16,6,2
KLF2,6,1
KLF3,82,10
KLF4,16,0
KLF5,5,0
KLF6,97,58
KLF7,80,25
KLF8,42,20
KLF9,1,0
KLHDC1,69,40
KLHDC10,39,23
KLHDC2,273,191
KLHDC3,323,273
KLHDC4,77,57
KLHDC7A,2,0
KLHDC8A,71,60
KLHDC8B,90,52
KLHDC9,90,41
KLHL1,65,24
KLHL10,3,3
KLHL11,36,24
KLHL12,114,56
KLHL13,63,36
KLHL14,45,34
KLHL15,7,2
KLHL17,39,12
KLHL18,97,48
KLHL2,176,106
KLHL20,132,48
KLHL21,14,7
KLHL22,124,100
KLHL23,125,74
KLHL24,249,157
KLHL25,20,14
KLHL26,29,20
KLHL28,68,31
KLHL29,55,6
KLHL3,50,20
KLHL32,160,140
KLHL34,17,0
KLHL35,66,40
KLHL36,27,5
KLHL38,5,0
KLHL4,93,19
KLHL40,3,0
KLHL41,33,3
KLHL42,36,1
KLHL5,174,30
KLHL6,1,0
KLHL7,363,180
KLHL8,61,9
KLHL9,140,47
KLK1,2,0
KLK10,19,10
KLK13,1,1
KLK14,1,1
KLK5,13,3
KLK6,50,35
KLK7,55,10
KLK8,5,0
KLKB1,18,9
KLLN,18,0
KLRB1,2,0
KLRC1,6,4
KLRC2,12,6
KLRC3,36,28
KLRC4,1,0
KLRD1,1,0
KLRF1,4,2
KLRG1,50,25
KLRK1,4,1
KMO,20,10
KMT2A,158,24
KMT2B,77,24
KMT2C,247,29
KMT2D,43,9
KMT2E,419,201
KMT5A,76,18
KMT5B,253,183
KMT5C,32,16
KNCN,23,10
KNDC1,115,45
KNG1,8,0
KNL1,35,16
KNOP1,143,91
KNSTRN,174,102
KNTC1,139,55
KPNA1,211,50
KPNA2,277,197
KPNA3,141,80
KPNA4,204,85
KPNA5,127,56
KPNA6,95,54
KPNB1,198,95
KPTN,87,60
KRAS,66,26
KRBA1,56,19
KRBA2,94,69
KRBOX1,38,18
KRBOX4,218,172
KRCC1,42,34
KREMEN1,5,1
KRI1,119,53
KRIT1,205,85
KRR1,148,78
KRT1,9,6
KRT10,29,19
KRT13,5,4
KRT17,21,13
KRT18,24,6
KRT19,15,7
KRT222,109,37
KRT23,4,2
KRT25,1,0
KRT28,1,0
KRT31,18,1
KRT33B,4,1
KRT34,1,0
KRT5,27,11
KRT6A,1,0
KRT6B,2,0
KRT6C,1,0
KRT7,7,4
KRT78,5,1
KRT8,8,1
KRT81,3,1
KRT82,1,0
KRT83,5,3
KRT86,9,3
KRTAP1-5,1,0
KRTAP11-1,2,0
KRTAP16-1,2,0
KRTAP21-2,1,0
KRTAP23-1,3,0
KRTAP3-2,2,0
KRTAP5-11,2,2
KRTAP5-2,1,0
KRTAP5-6,1,0
KRTAP5-7,13,0
KRTAP5-8,2,0
KRTAP5-9,6,0
KRTCAP2,156,134
KRTCAP3,25,8
KRTDAP,2,1
KSR1,21,4
KSR2,12,1
KTI12,8,0
KTN1,587,227
KXD1,142,94
KY,24,8
KYAT1,155,116
KYAT3,161,130
KYNU,12,8
L1CAM,210,181
L1TD1,5,2
L2HGDH,66,19
L3HYPDH,89,38
L3MBTL1,66,17
L3MBTL2,208,111
L3MBTL3,120,47
L3MBTL4,69,42
LACC1,46,13
LACTB,79,39
LACTB2,50,18
LAG3,14,2
LAGE3,24,20
LAIR1,1,0
LAIR2,1,0
LAMA1,72,15
LAMA2,78,29
LAMA3,38,2
LAMA4,109,25
LAMA5,38,9
LAMB1,135,25
LAMB2,81,44
LAMB3,32,11
LAMC1,67,2
LAMC2,10,3
LAMC3,23,3
LAMP1,47,19
LAMP2,308,205
LAMP5,103,69
LAMTOR1,66,43
LAMTOR2,80,50
LAMTOR3,173,129
LAMTOR4,180,126
LAMTOR5,95,75
LANCL1,194,101
LANCL2,168,72
LANCL3,5,1
LAP3,166,100
LAPTM4A,248,212
LAPTM4B,72,49
LAPTM5,45,26
LARGE1,73,34
LARGE2,1,0
LARP1,104,36
LARP1B,207,72
LARP4,86,29
LARP4B,65,11
LARP6,45,30
LARP7,365,247
LARS1,455,236
LARS2,114,46
LAS1L,247,146
LASP1,235,210
LAT,32,4
LAT2,33,18
LATS1,58,8
LATS2,15,0
LAYN,44,20
LBH,45,28
LBHD1,42,26
LBHD2,13,9
LBP,1,1
LBR,251,120
LCA5,137,50
LCA5L,20,12
LCAT,43,16
LCE1D,1,1
LCK,1,0
LCLAT1,42,15
LCMT1,342,300
LCMT2,1,0
LCN1,7,0
LCN10,2,0
LCN12,19,14
LCN15,34,23
LCN2,10,7
LCN6,1,0
LCN8,6,6
LCN9,1,0
LCNL1,25,15
LCOR,62,23
LCORL,194,87
LCP1,16,4
LCP2,97,81
LCTL,5,4
LDAH,159,93
LDB1,208,152
LDB2,304,228
LDB3,19,1
LDHA,692,605
LDHAL6A,12,2
LDHB,538,478
LDHC,11,6
LDHD,60,23
LDLR,94,23
LDLRAD3,44,24
LDLRAD4,92,39
LDLRAP1,24,12
LDOC1,176,174
LEAP2,21,1
LEF1,54,16
LEFTY1,5,1
LEFTY2,1,0
LEKR1,9,4
LEMD1,33,24
LEMD2,38,6
LEMD3,149,28
LENG1,10,1
LENG8,20,10
LENG9,1,0
LEO1,195,108
LEPR,29,1
LEPROT,105,57
LEPROTL1,146,94
LETM1,132,27
LETM2,85,63
LETMD1,319,256
LFNG,15,2
LGALS1,100,76
LGALS12,1,0
LGALS13,1,0
LGALS14,1,0
LGALS2,2,0
LGALS3,108,85
LGALS3BP,52,35
LGALS4,9,0
LGALS7,1,0
LGALS7B,4,0
LGALS8,203,116
LGALS9,31,12
LGALSL,79,32
LGI1,159,47
LGI2,13,0
LGI3,31,14
LGI4,164,111
LGMN,163,116
LGR4,12,11
LGR5,7,4
LGR6,3,0
LHB,1,0
LHFPL1,10,6
LHFPL2,24,6
LHFPL3,12,3
LHFPL4,11,11
LHFPL5,78,57
LHFPL6,18,11
LHPP,250,194
LHX1,1,0
LHX2,128,85
LHX6,63,31
LHX8,21,3
LHX9,71,39
LIAS,93,45
LIF,2,2
LIFR,42,2
LIG1,191,137
LIG3,185,81
LIG4,41,23
LILRA1,1,0
LILRB4,5,3
LIMA1,54,21
LIMCH1,526,173
LIMD1,54,49
LIMD2,110,86
LIME1,43,10
LIMK1,53,19
LIMK2,118,56
LIMS1,72,27
LIMS2,48,23
LIMS3,1,1
LIMS4,1,1
LIN28B,9,4
LIN37,124,83
LIN52,80,62
LIN54,67,22
LIN7A,81,12
LIN7B,129,89
LIN7C,141,67
LIN9,112,62
LINC02210-CRHR1,9,6
LINC02218,5,0
LINGO1,95,74
LINGO2,9,7
LINGO3,11,0
LINS1,135,98
LIPA,202,163
LIPC,12,5
LIPE,42,23
LIPG,79,31
LIPH,1,1
LIPJ,3,3
LIPT1,36,18
LIPT2,18,4
LITAF,81,39
LIX1,70,32
LIX1L,54,22
LKAAEAR1,10,1
LLGL1,21,8
LLGL2,16,2
LLPH,82,54
LMAN1,90,34
LMAN2,139,109
LMAN2L,82,46
LMBR1,196,85
LMBR1L,291,213
LMBRD1,260,137
LMBRD2,84,26
LMCD1,35,6
LMF1,100,64
LMF2,124,110
LMLN,15,1
LMNA,394,297
LMNB1,182,83
LMNB2,46,6
LMNTD1,1,1
LMNTD2,3,1
LMO1,22,11
LMO2,15,10
LMO3,857,537
LMO4,338,250
LMO7,472,125
LMOD1,24,15
LMOD3,12,0
LMTK2,57,9
LMTK3,10,4
LMX1A,8,3
LNP1,86,22
LNPEP,120,8
LNPK,199,84
LNX1,177,66
LNX2,20,2
LONP1,109,74
LONP2,314,124
LONRF1,61,22
LONRF2,56,34
LONRF3,4,1
LOX,33,2
LOXHD1,2,1
LOXL1,23,3
LOXL2,22,3
LOXL3,100,46
LOXL4,5,0
LPA,5,1
LPAR1,134,81
LPAR2,114,91
LPAR3,1,0
LPAR4,26,13
LPAR5,11,1
LPAR6,20,14
LPCAT1,28,4
LPCAT2,24,7
LPCAT3,84,77
LPCAT4,210,169
LPGAT1,38,16
LPIN1,87,27
LPIN2,67,19
LPIN3,4,1
LPL,117,52
LPO,5,1
LPP,11,6
LPXN,58,37
LRAT,8,0
LRATD1,57,24
LRATD2,28,10
LRBA,221,58
LRCH1,93,36
LRCH2,123,25
LRCH3,127,80
LRCH4,48,24
LRCOL1,7,5
LRFN1,34,11
LRFN2,20,1
LRFN3,41,2
LRFN4,36,5
LRFN5,184,79
LRG1,2,0
LRGUK,7,3
LRIF1,107,46
LRIG1,83,23
LRIG2,78,36
LRIG3,58,23
LRIT3,1,0
LRMDA,6,6
LRP1,237,129
LRP10,70,23
LRP11,60,28
LRP12,85,36
LRP1B,148,36
LRP2,52,5
LRP2BP,129,69
LRP3,82,30
LRP4,55,15
LRP5,73,45
LRP6,79,19
LRP8,101,14
LRPAP1,222,189
LRPPRC,387,205
LRR1,55,21
LRRC1,111,29
LRRC10,1,0
LRRC10B,49,0
LRRC14,50,18
LRRC14B,3,0
LRRC17,46,15
LRRC18,5,4
LRRC2,26,9
LRRC20,50,39
LRRC23,132,58
LRRC24,4,2
LRRC25,4,0
LRRC26,3,1
LRRC27,278,178
LRRC28,256,174
LRRC3,5,0
LRRC32,20,8
LRRC34,91,35
LRRC36,23,14
LRRC37A,26,11
LRRC37A2,39,10
LRRC37A3,85,48
LRRC37B,193,61
LRRC38,6,0
LRRC39,41,18
LRRC3B,97,55
LRRC3C,1,1
LRRC4,21,13
LRRC40,184,115
LRRC41,158,96
LRRC42,80,42
LRRC43,27,20
LRRC45,46,12
LRRC46,15,4
LRRC47,69,32
LRRC49,441,237
LRRC4B,67,63
LRRC4C,82,47
LRRC52,2,0
LRRC53,5,2
LRRC55,83,81
LRRC56,1,1
LRRC57,117,78
LRRC58,30,6
LRRC59,70,52
LRRC61,17,6
LRRC63,29,22
LRRC66,1,0
LRRC7,330,105
LRRC70,3,0
LRRC73,16,5
LRRC74B,2,2
LRRC75A,15,3
LRRC75B,40,27
LRRC8A,70,19
LRRC8B,90,24
LRRC8C,14,2
LRRC8D,30,18
LRRC8E,1,0
LRRC9,21,17
LRRCC1,178,87
LRRD1,6,5
LRRFIP1,384,291
LRRFIP2,305,162
LRRIQ1,37,13
LRRIQ3,20,6
LRRK1,35,1
LRRK2,125,45
LRRN1,26,5
LRRN2,10,5
LRRN3,146,77
LRRN4,1,0
LRRN4CL,2,0
LRRTM1,49,3
LRRTM2,63,9
LRRTM3,150,18
LRRTM4,36,3
LRSAM1,239,119
LRTM1,2,0
LRTM2,52,25
LRTOMT,122,46
LRWD1,94,45
LSAMP,91,57
LSG1,129,98
LSM1,71,45
LSM10,31,22
LSM11,65,57
LSM12,122,82
LSM14A,183,69
LSM14B,30,10
LSM2,32,19
LSM3,84,62
LSM4,113,91
LSM5,214,129
LSM6,85,45
LSM7,92,73
LSM8,111,50
LSMEM1,11,2
LSMEM2,5,1
LSP1,14,7
LSR,31,2
LSS,170,109
LST1,13,2
LTA4H,283,204
LTB,2,0
LTB4R,2,0
LTBP1,138,13
LTBP2,2,0
LTBP3,64,13
LTBP4,89,32
LTBR,33,15
LTC4S,21,6
LTF,7,1
LTK,17,4
LTN1,123,51
LTO1,127,60
LTV1,190,119
LUC7L,557,392
LUC7L2,545,388
LUC7L3,831,618
LUM,12,0
LURAP1,19,7
LURAP1L,41,9
LUZP1,90,37
LUZP2,57,11
LXN,25,8
LY6D,3,2
LY6E,83,55
LY6G5B,3,2
LY6G5C,13,11
LY6G6C,1,0
LY6G6D,2,0
LY6G6E,2,1
LY6H,69,58
LY6K,4,2
LY75,5,0
LY86,14,4
LY96,13,6
LYAR,65,34
LYG1,10,1
LYG2,1,1
LYL1,3,2
LYN,35,4
LYNX1,37,20
LYNX1-SLURP2,7,7
LYPD1,106,70
LYPD3,7,0
LYPD5,72,42
LYPD6,31,13
LYPD6B,40,20
LYPD8,20,12
LYPLA1,169,145
LYPLA2,229,196
LYPLAL1,140,54
LYRM1,174,128
LYRM2,149,48
LYRM4,114,77
LYRM7,130,102
LYRM9,140,105
LYSMD1,34,18
LYSMD2,67,32
LYSMD3,41,8
LYSMD4,126,90
LYST,163,55
LYVE1,32,3
LYZ,4,0
LYZL4,8,4
LZIC,532,429
LZTFL1,122,64
LZTR1,125,57
LZTS1,43,31
LZTS2,45,19
LZTS3,13,8
M1AP,15,12
M6PR,145,105
MAB21L1,34,4
MAB21L2,43,10
MACF1,1066,373
MACIR,84,35
MACO1,191,63
MACROD1,101,66
MACROD2,58,7
MACROH2A1,349,257
MACROH2A2,171,100
MAD1L1,715,653
MAD2L1,74,46
MAD2L1BP,55,33
MAD2L2,153,125
MADCAM1,18,7
MADD,471,374
MAEA,160,110
MAEL,50,23
MAF,13,5
MAF1,131,78
MAFB,23,1
MAFF,4,0
MAFG,3,1
MAFIP,5,2
MAFK,9,4
MAG,110,63
MAGEA12,2,0
MAGEB4,1,0
MAGEC3,1,0
MAGED1,673,570
MAGED2,807,732
MAGED4,512,404
MAGED4B,499,420
MAGEE1,74,0
MAGEE2,9,2
MAGEF1,71,43
MAGEH1,36,15
MAGEL2,12,0
MAGI1,84,39
MAGI2,386,188
MAGI3,92,15
MAGIX,56,23
MAGOH,80,52
MAGOHB,126,75
MAGT1,123,99
MAIP1,79,45
MAK,1,1
MAK16,96,33
MAL,27,7
MAL2,95,56
MALL,6,1
MALRD1,22,13
MALSU1,61,28
MALT1,49,10
MAMDC2,49,10
MAMDC4,39,10
MAML1,37,12
MAML2,10,1
MAML3,12,2
MAMLD1,66,10
MAMSTR,60,36
MAN1A1,22,2
MAN1A2,127,19
MAN1B1,164,55
MAN1C1,114,59
MAN2A1,186,33
MAN2A2,166,82
MAN2B1,75,40
MAN2B2,133,45
MAN2C1,306,288
MANBA,67,26
MANBAL,74,51
MANEA,39,5
MANEAL,56,19
MANF,236,182
MANSC1,35,15
MANSC4,1,0
MAOA,99,34
MAOB,162,139
MAP10,64,0
MAP1A,366,267
MAP1B,531,345
MAP1LC3A,130,107
MAP1LC3B,154,128
MAP1LC3B2,3,2
MAP1LC3C,6,1
MAP1S,102,48
MAP2,1078,635
MAP2K1,107,72
MAP2K2,79,49
MAP2K3,52,28
MAP2K4,124,44
MAP2K5,193,127
MAP2K6,75,35
MAP2K7,8,3
MAP3K1,27,7
MAP3K10,27,4
MAP3K11,17,2
MAP3K12,129,46
MAP3K13,94,62
MAP3K14,36,9
MAP3K15,17,7
MAP3K19,2,0
MAP3K2,19,1
MAP3K20,33,5
MAP3K21,11,0
MAP3K3,26,5
MAP3K4,203,50
MAP3K5,88,31
MAP3K6,28,3
MAP3K7,149,59
MAP3K7CL,24,12
MAP3K8,31,5
MAP3K9,28,11
MAP4,653,486
MAP4K1,30,17
MAP4K2,97,62
MAP4K3,129,32
MAP4K4,665,407
MAP4K5,227,129
MAP6,54,21
MAP6D1,21,5
MAP7,234,65
MAP7D1,98,41
MAP7D2,302,220
MAP7D3,60,14
MAP9,238,114
MAPK1,74,21
MAPK10,534,207
MAPK11,84,52
MAPK12,146,104
MAPK13,52,25
MAPK14,84,23
MAPK15,25,12
MAPK1IP1L,170,120
MAPK3,155,122
MAPK4,5,0
MAPK6,194,109
MAPK7,112,53
MAPK8,160,89
MAPK8IP1,200,133
MAPK8IP2,99,61
MAPK8IP3,122,100
MAPK9,166,76
MAPKAP1,172,83
MAPKAPK2,15,0
MAPKAPK3,69,32
MAPKAPK5,283,166
MAPKBP1,113,59
MAPRE1,161,123
MAPRE2,248,153
MAPRE3,471,411
MAPT,325,237
MARCHF1,98,49
MARCHF10,4,3
MARCHF11,15,2
MARCHF2,89,47
MARCHF3,42,23
MARCHF4,13,2
MARCHF5,237,124
MARCHF6,288,85
MARCHF7,313,178
MARCHF8,13,4
MARCHF9,49,5
MARCKS,234,230
MARCKSL1,269,254
MARCO,1,0
MARF1,53,9
MARK1,259,90
MARK2,43,29
MARK3,546,135
MARK4,99,16
MARS1,452,350
MARS2,66,7
MARVELD1,37,4
MARVELD2,3,1
MARVELD3,1,1
MAS1,5,3
MASP1,243,141
MAST1,141,66
MAST2,144,73
MAST3,43,32
MAST4,52,18
MASTL,112,45
MAT2A,385,309
MAT2B,276,216
MATK,131,90
MATN1,6,4
MATN2,74,72
MATN3,17,4
MATR3,1806,1462
MAU2,118,62
MAVS,46,33
MAX,273,197
MAZ,162,137
MB,8,5
MB21D2,31,10
MBD1,485,362
MBD2,60,13
MBD3,28,10
MBD4,212,112
MBD5,157,23
MBD6,45,18
MBIP,216,142
MBLAC1,13,3
MBLAC2,43,2
MBNL1,122,51
MBNL2,282,118
MBNL3,6,5
MBOAT1,8,5
MBOAT2,161,70
MBOAT7,33,20
MBP,2482,2353
MBTD1,27,10
MBTPS1,207,105
MBTPS2,66,22
MC1R,4,1
MC3R,1,1
MC4R,14,0
MC5R,2,0
MCAM,134,107
MCAT,75,39
MCC,37,3
MCCC1,235,176
MCCC2,107,73
MCEE,56,42
MCF2,82,26
MCF2L,182,83
MCF2L2,121,18
MCFD2,78,45
MCHR1,17,2
MCHR2,40,14
MCL1,88,47
MCM10,93,28
MCM2,105,44
MCM3,181,112
MCM3AP,171,66
MCM4,712,560
MCM5,157,94
MCM6,107,67
MCM7,298,231
MCM8,50,3
MCM9,29,10
MCMBP,187,68
MCMDC2,1,0
MCOLN1,131,83
MCOLN2,2,0
MCOLN3,2,0
MCPH1,505,360
MCRIP1,207,163
MCRIP2,74,32
MCRS1,254,212
MCTP1,215,95
MCTP2,1,1
MCTS1,186,133
MCU,78,44
MCUB,73,41
MCUR1,153,121
MDC1,35,3
MDFI,31,14
MDFIC,9,0
MDGA1,31,4
MDGA2,21,7
MDH1,646,548
MDH1B,100,51
MDH2,229,194
MDK,180,125
MDM1,241,139
MDM2,153,90
MDM4,131,73
MDN1,212,26
MDP1,91,55
ME1,114,50
ME2,223,116
ME3,193,143
MEA1,102,70
MEAF6,745,582
MEAK7,158,134
MECOM,23,13
MECP2,154,102
MECR,220,162
MED1,23,8
MED10,108,81
MED11,25,12
MED12,112,36
MED12L,64,21
MED13,90,6
MED13L,259,39
MED14,141,33
MED15,167,100
MED16,116,65
MED17,218,92
MED18,121,114
MED19,74,53
MED20,30,25
MED21,113,64
MED22,50,26
MED23,129,55
MED24,261,217
MED25,101,36
MED26,3,0
MED27,136,102
MED28,231,196
MED29,90,43
MED30,52,29
MED31,67,23
MED4,309,236
MED6,152,97
MED7,87,60
MED8,202,157
MED9,30,19
MEDAG,14,1
MEF2A,154,42
MEF2B,13,6
MEF2C,700,419
MEF2D,81,41
MEGF10,77,19
MEGF11,43,18
MEGF6,17,4
MEGF8,32,8
MEGF9,40,9
MEI1,15,7
MEIG1,15,8
MEIOB,8,6
MEIOC,8,8
MEIS1,95,23
MEIS2,1630,1168
MEIS3,210,120
MELK,158,103
MELTF,15,10
MEMO1,160,110
MEN1,86,51
MEOX1,1,0
MEOX2,5,0
MEPCE,77,22
MEPE,20,5
MERTK,88,34
MESD,109,68
MESP1,7,4
MESP2,6,1
MEST,166,110
MET,53,8
METAP1,184,121
METAP1D,86,41
METAP2,240,144
METRN,41,14
METRNL,16,0
METTL1,48,28
METTL14,140,98
METTL15,99,40
METTL16,161,112
METTL17,373,305
METTL18,26,13
METTL21A,151,78
METTL21C,12,3
METTL21EP,4,2
METTL22,152,90
METTL23,119,74
METTL24,6,6
METTL25,72,49
METTL26,280,236
METTL27,12,8
METTL2A,173,121
METTL2B,248,176
METTL3,192,139
METTL4,111,40
METTL5,250,180
METTL6,322,254
METTL7A,111,86
METTL7B,14,0
METTL8,85,48
METTL9,135,109
MEX3A,8,2
MEX3B,25,20
MEX3C,9,4
MEX3D,3,0
MFAP1,112,52
MFAP2,182,161
MFAP3,90,52
MFAP3L,28,17
MFAP4,41,30
MFAP5,3,0
MFF,607,365
MFGE8,90,41
MFHAS1,24,8
MFN1,205,56
MFN2,229,173
MFNG,61,57
MFSD1,182,95
MFSD10,312,253
MFSD11,159,85
MFSD12,65,43
MFSD13A,172,128
MFSD14A,128,68
MFSD14B,55,22
MFSD2A,100,56
MFSD2B,4,4
MFSD3,135,96
MFSD4A,149,54
MFSD4B,20,6
MFSD5,19,9
MFSD6,166,30
MFSD6L,2,0
MFSD8,125,43
MFSD9,47,26
MGA,125,24
MGARP,9,1
MGAT1,71,53
MGAT2,124,22
MGAT3,61,59
MGAT4A,50,21
MGAT4B,53,41
MGAT4C,45,15
MGAT5,15,7
MGAT5B,82,49
MGLL,154,77
MGME1,128,52
MGMT,46,25
MGP,21,10
MGRN1,46,17
MGST1,87,56
MGST2,33,15
MGST3,322,255
MIA,15,11
MIA-RAB4B,1,1
MIA2,264,177
MIA3,436,140
MIB1,74,15
MIB2,102,47
MICA,15,5
MICAL1,436,347
MICAL2,445,283
MICAL3,46,9
MICALL1,43,10
MICALL2,43,16
MICOS10,271,235
MICOS13,107,68
MICU1,397,322
MICU2,292,226
MICU3,161,88
MID1,109,52
MID1IP1,24,11
MID2,24,12
MIDEAS,7,3
MIDN,67,53
MIEF1,81,21
MIEF2,39,18
MIEN1,63,49
MIER1,290,181
MIER2,67,47
MIER3,40,19
MIF,124,108
MIF4GD,56,21
MIGA1,91,39
MIGA2,55,23
MIIP,159,91
MILR1,10,7
MINAR1,1,0
MINAR2,5,0
MINDY1,67,43
MINDY2,42,18
MINDY3,280,194
MINDY4,77,33
MINDY4B,6,2
MINK1,188,103
MINPP1,110,65
MIOS,240,119
MIP,1,1
MIPEP,90,59
MIPOL1,78,37
MIS12,95,40
MIS18A,42,25
MIS18BP1,188,53
MISP,1,0
MISP3,17,7
MITD1,170,91
MITF,8,2
MIX23,97,63
MKI67,103,6
MKKS,176,110
MKLN1,154,74
MKNK1,141,76
MKNK2,52,22
MKRN1,262,184
MKRN2,135,40
MKRN2OS,24,14
MKRN3,41,16
MKS1,131,57
MKX,19,5
MLC1,222,176
MLEC,59,18
MLF1,130,46
MLF2,494,456
MLH1,245,134
MLH3,149,61
MLIP,134,98
MLKL,13,7
MLLT1,33,12
MLLT10,139,38
MLLT11,854,830
MLLT3,310,114
MLLT6,38,6
MLN,2,2
MLPH,1,1
MLST8,292,228
MLX,333,233
MLXIP,45,32
MLXIPL,35,20
MLYCD,26,3
MMAA,74,17
MMAB,150,102
MMACHC,56,49
MMADHC,217,139
MMD,88,40
MMD2,39,27
MME,12,2
MMEL1,9,6
MMGT1,60,13
MMP1,1,0
MMP10,1,0
MMP11,21,4
MMP14,6,4
MMP15,16,1
MMP16,92,6
MMP17,75,21
MMP19,1,0
MMP2,39,6
MMP21,2,1
MMP23B,4,0
MMP24,41,15
MMP24OS,46,24
MMP28,62,35
MMP3,1,0
MMRN1,14,2
MMRN2,12,1
MMS19,251,188
MMS22L,80,35
MMUT,214,95
MN1,58,38
MNAT1,219,148
MND1,70,41
MNDA,31,9
MNS1,102,38
MNT,13,5
MOAP1,42,23
MOB1A,97,33
MOB1B,35,14
MOB2,33,26
MOB3A,51,31
MOB3B,35,8
MOB3C,21,6
MOB4,201,125
MOBP,182,74
MOCOS,7,5
MOCS1,68,33
MOCS2,274,186
MOCS3,143,3
MOG,28,26
MOGAT1,2,2
MOGS,29,10
MOK,330,245
MON1A,57,34
MON1B,92,32
MON2,178,51
MORC1,2,1
MORC2,118,49
MORC3,197,121
MORC4,34,4
MORF4L1,1236,1114
MORF4L2,403,320
MORN1,61,33
MORN2,44,26
MORN3,55,36
MORN4,104,85
MORN5,15,6
MOS,2,0
MOSMO,18,9
MOSPD1,95,42
MOSPD2,70,23
MOSPD3,117,63
MOV10,89,23
MOV10L1,24,9
MOXD1,103,36
MPC1,142,89
MPC2,178,143
MPDU1,111,69
MPDZ,224,62
MPEG1,25,0
MPG,46,32
MPHOSPH10,218,115
MPHOSPH6,139,85
MPHOSPH8,337,171
MPHOSPH9,91,40
MPI,161,67
MPL,31,14
MPLKIP,86,60
MPND,88,19
MPO,24,8
MPP1,118,76
MPP2,140,58
MPP3,190,121
MPP4,3,0
MPP7,55,17
MPPE1,280,181
MPPED1,230,180
MPPED2,340,242
MPRIP,290,70
MPST,82,56
MPV17,347,286
MPV17L,41,21
MPV17L2,48,29
MPZ,32,30
MPZL1,133,55
MPZL2,7,1
MPZL3,5,0
MR1,15,3
MRAP,7,2
MRAP2,43,33
MRAS,212,102
MRC1,23,2
MRC2,46,16
MRE11,134,66
MREG,38,37
MRFAP1,409,385
MRFAP1L1,112,96
MRGBP,77,43
MRGPRE,1,0
MRGPRF,9,4
MRI1,156,140
MRLN,1,0
MRM1,11,3
MRM2,101,73
MRM3,50,26
MRNIP,222,187
MRO,59,16
MROH1,184,107
MROH2A,6,6
MROH7,17,2
MROH7-TTC4,4,2
MROH8,74,51
MRPL1,192,137
MRPL10,85,64
MRPL11,124,92
MRPL12,42,23
MRPL13,149,104
MRPL14,50,33
MRPL15,137,114
MRPL16,66,41
MRPL17,41,18
MRPL18,181,140
MRPL19,109,61
MRPL2,103,59
MRPL20,115,92
MRPL21,146,113
MRPL22,140,80
MRPL23,53,39
MRPL24,151,133
MRPL27,109,71
MRPL28,153,113
MRPL3,307,190
MRPL30,249,166
MRPL32,87,53
MRPL33,156,134
MRPL34,41,34
MRPL35,87,35
MRPL36,49,27
MRPL37,175,127
MRPL38,147,106
MRPL39,142,117
MRPL4,133,75
MRPL40,65,29
MRPL41,44,41
MRPL42,297,216
MRPL43,151,104
MRPL44,80,48
MRPL45,33,15
MRPL46,66,39
MRPL47,182,134
MRPL48,239,173
MRPL49,69,41
MRPL50,64,44
MRPL51,82,50
MRPL52,124,71
MRPL53,47,22
MRPL54,23,13
MRPL55,179,149
MRPL57,44,30
MRPL58,73,37
MRPL9,158,113
MRPS10,167,133
MRPS11,172,96
MRPS12,45,22
MRPS14,100,46
MRPS15,171,121
MRPS16,221,174
MRPS17,45,28
MRPS18A,116,65
MRPS18B,21,10
MRPS18C,177,111
MRPS2,62,30
MRPS21,407,385
MRPS22,190,96
MRPS23,88,55
MRPS24,65,54
MRPS25,134,74
MRPS26,62,42
MRPS27,176,128
MRPS28,110,89
MRPS30,144,80
MRPS31,126,72
MRPS33,112,77
MRPS34,89,73
MRPS35,172,118
MRPS36,99,49
MRPS5,317,189
MRPS6,111,76
MRPS7,160,94
MRPS9,156,106
MRRF,170,108
MRS2,189,115
MRTFA,73,39
MRTFB,143,48
MRTO4,250,205
MS4A1,1,1
MS4A4A,18,6
MS4A6A,21,6
MS4A6E,1,0
MS4A7,23,10
MS4A8,14,6
MSANTD1,27,16
MSANTD2,75,25
MSANTD3,86,42
MSANTD3-TMEFF1,45,31
MSANTD4,148,68
MSANTD5,1,0
MSC,11,0
MSGN1,2,0
MSH2,225,98
MSH3,179,59
MSH5,11,4
MSH5-SAPCD1,2,2
MSH6,261,110
MSI1,48,25
MSI2,373,229
MSL1,132,17
MSL2,31,14
MSL3,202,95
MSLN,3,0
MSMO1,240,172
MSMP,5,1
MSN,127,67
MSR1,5,0
MSRA,388,305
MSRB1,27,17
MSRB2,72,53
MSRB3,35,13
MSS51,6,3
MST1,69,58
MST1R,1,0
MSTN,11,1
MSTO1,189,139
MSX1,6,1
MSX2,12,1
MT1A,8,3
MT1E,33,24
MT1F,25,14
MT1G,17,12
MT1H,6,1
MT1M,19,7
MT1X,22,12
MT2A,51,38
MT3,98,80
MTA1,151,75
MTA2,148,115
MTA3,219,68
MTAP,89,31
MTARC1,51,21
MTARC2,99,46
MTBP,70,20
MTCH1,461,402
MTCH2,1520,1404
MTCL1,92,7
MTCP1,2,1
MTDH,303,157
MTERF1,105,63
MTERF2,81,35
MTERF3,95,57
MTERF4,241,133
MTF1,20,8
MTF2,337,197
MTFMT,123,73
MTFP1,39,15
MTFR1,79,46
MTFR1L,308,211
MTFR2,30,14
MTG1,221,138
MTG2,167,114
MTHFD1,266,170
MTHFD1L,154,71
MTHFD2,94,35
MTHFD2L,115,55
MTHFR,67,37
MTHFS,36,28
MTHFSD,79,43
MTIF2,191,133
MTIF3,195,137
MTLN,27,24
MTM1,84,63
MTMR1,76,24
MTMR10,34,8
MTMR11,40,25
MTMR12,54,25
MTMR14,221,125
MTMR2,228,98
MTMR3,179,41
MTMR4,128,80
MTMR6,111,38
MTMR7,168,67
MTMR8,16,5
MTMR9,38,2
MTNR1B,2,0
MTO1,187,59
MTOR,153,63
MTPAP,81,47
MTPN,101,77
MTR,140,36
MTRES1,158,104
MTREX,263,137
MTRF1,167,110
MTRF1L,171,76
MTRR,167,82
MTSS1,131,57
MTSS2,71,66
MTTP,18,1
MTURN,291,258
MTUS1,132,72
MTUS2,61,17
MTX1,74,36
MTX2,275,201
MTX3,21,1
MUC1,7,1
MUC12,26,12
MUC20,4,0
MUC3A,11,1
MUC5AC,1,0
MUCL1,14,9
MUL1,39,30
MUS81,218,140
MUSTN1,19,4
MUTYH,282,245
MVB12A,117,81
MVB12B,40,19
MVD,168,129
MVK,119,62
MVP,63,21
MX1,175,50
MX2,19,5
MXD1,31,11
MXD3,52,27
MXD4,56,31
MXI1,196,97
MXRA5,2,0
MXRA7,40,12
MXRA8,39,24
MYADM,86,54
MYADML2,1,1
MYB,24,0
MYBBP1A,100,49
MYBL1,21,1
MYBL2,49,13
MYBPC1,132,30
MYBPC2,15,4
MYBPH,1,0
MYBPHL,27,19
MYC,76,14
MYCBP,67,39
MYCBP2,424,84
MYCBPAP,14,9
MYCL,18,4
MYCN,15,8
MYCT1,18,7
MYD88,61,14
MYDGF,75,61
MYEF2,324,220
MYF6,10,1
MYG1,177,120
MYH10,508,198
MYH11,22,4
MYH13,3,1
MYH14,61,5
MYH15,30,10
MYH3,22,1
MYH6,3,2
MYH7,37,5
MYH7B,74,19
MYH9,209,56
MYL1,2,0
MYL12A,59,34
MYL12B,201,163
MYL2,1,0
MYL3,30,20
MYL4,20,9
MYL5,93,64
MYL6,866,756
MYL6B,427,363
MYL7,4,1
MYL9,13,3
MYLIP,39,31
MYLK,68,25
MYLK2,21,13
MYLK3,2,1
MYMK,1,1
MYNN,218,107
MYO10,220,112
MYO15A,45,21
MYO15B,97,57
MYO16,87,30
MYO18A,212,100
MYO19,55,21
MYO1B,169,22
MYO1C,47,10
MYO1D,36,10
MYO1E,68,12
MYO1F,13,4
MYO1G,4,0
MYO1H,2,2
MYO3A,78,36
MYO5A,347,141
MYO5B,65,33
MYO5C,26,7
MYO6,417,176
MYO7A,34,21
MYO7B,4,2
MYO9A,212,59
MYO9B,70,48
MYOC,1,0
MYOF,24,6
MYOG,1,0
MYOM1,47,10
MYOM2,93,59
MYORG,16,11
MYOT,31,16
MYOZ1,5,4
MYOZ2,8,1
MYOZ3,35,2
MYPOP,6,3
MYRF,64,27
MYRIP,100,23
MYSM1,113,49
MYT1,69,16
MYT1L,460,95
MYZAP,13,3
MZB1,1,0
MZF1,65,45
MZT1,86,39
MZT2A,158,133
MZT2B,147,117
N4BP1,45,20
N4BP2,238,82
N4BP2L1,146,63
N4BP2L2,415,203
N4BP3,27,15
N6AMT1,54,17
NAA10,142,98
NAA11,3,3
NAA15,145,49
NAA16,138,53
NAA20,175,121
NAA25,122,31
NAA30,96,27
NAA35,219,94
NAA38,73,59
NAA40,133,72
NAA50,76,20
NAA60,192,128
NAA80,29,16
NAAA,84,54
NAALAD2,77,13
NAALADL1,32,16
NAALADL2,70,45
NAB1,150,60
NAB2,211,170
NABP1,39,10
NABP2,174,152
NACA,894,776
NACA2,5,0
NACAD,158,114
NACC1,6,3
NACC2,7,6
NADK,81,51
NADK2,146,55
NADSYN1,135,67
NAE1,583,499
NAF1,58,16
NAGA,81,40
NAGK,344,213
NAGLU,32,14
NAGPA,197,151
NAGS,15,6
NAIF1,23,12
NAIP,11,3
NALCN,128,33
NAMPT,174,31
NANOS1,59,0
NANOS3,40,14
NANP,15,2
NANS,64,47
NAP1L1,2971,2628
NAP1L2,138,97
NAP1L3,148,148
NAP1L4,782,670
NAP1L5,102,56
NAPA,479,435
NAPB,337,308
NAPEPLD,118,39
NAPG,371,309
NAPRT,60,33
NAPSA,3,0
NARF,358,264
NARS1,493,375
NARS2,281,241
NASP,644,399
NAT1,11,1
NAT10,137,49
NAT14,51,41
NAT16,26,4
NAT2,1,0
NAT8B,1,0
NAT8L,4,4
NAT9,180,151
NATD1,6,1
NAV1,169,48
NAV2,103,49
NAV3,157,28
NAXD,291,243
NAXE,158,107
NBAS,181,85
NBDY,93,44
NBEA,353,112
NBEAL1,121,70
NBEAL2,45,11
NBL1,44,31
NBN,185,81
NBPF1,206,139
NBPF10,313,86
NBPF11,60,10
NBPF12,157,67
NBPF14,357,47
NBPF15,141,86
NBPF19,369,55
NBPF20,563,127
NBPF26,81,28
NBPF3,65,38
NBPF8,107,45
NBPF9,143,73
NBR1,370,243
NCALD,333,224
NCAM1,549,420
NCAM2,275,104
NCAN,265,95
NCAPD2,159,66
NCAPD3,93,44
NCAPG,267,120
NCAPG2,129,68
NCAPH,90,50
NCAPH2,220,157
NCBP1,268,103
NCBP2,233,131
NCBP2AS2,49,16
NCBP2L,1,0
NCBP3,184,92
NCDN,233,177
NCEH1,51,28
NCF1,4,1
NCF2,12,2
NCF4,10,0
NCK1,91,33
NCK2,75,41
NCKAP1,376,167
NCKAP1L,23,8
NCKAP5,85,41
NCKAP5L,91,52
NCKIPSD,200,175
NCL,1072,870
NCLN,70,20
NCMAP,1,1
NCOA1,168,32
NCOA2,93,31
NCOA3,60,33
NCOA4,230,150
NCOA5,105,72
NCOA6,166,103
NCOA7,251,111
NCOR1,472,198
NCOR2,89,28
NCR3LG1,32,11
NCS1,162,95
NCSTN,165,116
NDC1,74,34
NDC80,118,70
NDE1,59,44
NDEL1,181,134
NDFIP1,592,493
NDFIP2,194,95
NDN,49,21
NDNF,10,0
NDOR1,47,21
NDP,35,22
NDRG1,158,123
NDRG2,2260,2154
NDRG3,551,459
NDRG4,971,834
NDST1,108,56
NDST2,83,52
NDST3,73,12
NDST4,45,19
NDUFA1,99,71
NDUFA10,303,183
NDUFA11,113,101
NDUFA12,149,121
NDUFA13,743,685
NDUFA2,78,57
NDUFA3,54,34
NDUFA4,300,264
NDUFA4L2,71,52
NDUFA5,545,380
NDUFA6,52,37
NDUFA7,75,39
NDUFA8,92,71
NDUFA9,212,160
NDUFAB1,140,98
NDUFAF1,92,56
NDUFAF2,106,70
NDUFAF3,121,69
NDUFAF4,96,62
NDUFAF5,366,240
NDUFAF6,215,138
NDUFAF7,219,154
NDUFAF8,38,20
NDUFB1,149,125
NDUFB10,75,51
NDUFB11,89,75
NDUFB2,215,171
NDUFB3,71,45
NDUFB4,65,46
NDUFB5,159,118
NDUFB6,123,89
NDUFB7,93,81
NDUFB8,334,276
NDUFB9,142,100
NDUFC1,160,121
NDUFC2,282,257
NDUFC2-KCTD14,7,1
NDUFS1,413,306
NDUFS2,441,269
NDUFS3,171,125
NDUFS4,122,87
NDUFS5,135,118
NDUFS6,121,106
NDUFS7,271,227
NDUFS8,255,248
NDUFV1,486,375
NDUFV2,229,166
NDUFV3,513,458
NEB,13,5
NEBL,381,200
NECAB1,208,132
NECAB2,107,61
NECAB3,86,48
NECAP1,377,313
NECAP2,135,77
NECTIN1,32,17
NECTIN2,72,21
NECTIN3,94,21
NEDD1,144,74
NEDD4,31,11
NEDD4L,392,162
NEDD8,208,169
NEDD8-MDP1,30,28
NEDD9,68,24
NEFH,51,15
NEFL,951,863
NEFM,1258,1191
NEGR1,222,114
NEIL1,242,155
NEIL2,85,48
NEIL3,158,87
NEK1,243,116
NEK10,39,20
NEK11,157,94
NEK2,77,41
NEK3,93,52
NEK4,130,72
NEK5,13,10
NEK6,120,45
NEK7,25,6
NEK8,11,9
NEK9,79,26
NELFA,202,148
NELFB,77,43
NELFCD,397,284
NELFE,88,52
NELL1,162,34
NELL2,987,727
NEMF,570,256
NEMP1,37,15
NEMP2,17,10
NENF,21,6
NEO1,181,45
NEPRO,204,117
NES,78,30
NET1,121,62
NETO1,118,67
NETO2,176,59
NEU1,30,17
NEU3,21,9
NEU4,10,6
NEURL1,57,24
NEURL1B,9,6
NEURL2,16,4
NEURL3,11,5
NEURL4,70,28
NEUROD1,114,77
NEUROD2,43,40
NEUROD4,10,1
NEUROD6,595,562
NEUROG1,23,5
NEUROG2,50,47
NEUROG3,3,1
NEXMIF,18,2
NEXN,19,2
NF1,514,139
NF2,127,18
NFAM1,4,2
NFASC,110,52
NFAT5,63,16
NFATC1,5,1
NFATC2IP,45,15
NFATC3,17,0
NFATC4,115,24
NFE2,9,1
NFE2L1,120,50
NFE2L2,114,69
NFE2L3,8,1
NFIA,369,155
NFIB,447,178
NFIC,15,8
NFIL3,16,14
NFIX,173,100
NFKB1,53,7
NFKB2,34,7
NFKBIA,53,30
NFKBIB,33,3
NFKBID,32,22
NFKBIE,26,5
NFKBIL1,19,5
NFKBIZ,5,0
NFRKB,106,47
NFS1,113,59
NFU1,122,92
NFX1,248,132
NFXL1,133,53
NFYA,89,35
NFYB,193,81
NFYC,301,217
NGB,34,20
NGDN,216,158
NGEF,99,52
NGF,6,1
NGFR,8,0
NGLY1,184,90
NGRN,476,447
NHEJ1,44,28
NHLH1,30,23
NHLH2,15,5
NHLRC1,28,3
NHLRC2,64,7
NHLRC3,100,26
NHLRC4,2,0
NHP2,148,121
NHS,8,7
NHSL1,129,35
NHSL2,8,6
NIBAN1,3,0
NIBAN2,22,3
NICN1,406,377
NID1,27,1
NID2,25,7
NIF3L1,139,69
NIFK,234,169
NIM1K,84,44
NIN,313,65
NINJ1,16,7
NINJ2,14,8
NINL,97,33
NIP7,83,30
NIPA1,37,9
NIPA2,321,183
NIPAL1,2,1
NIPAL2,15,3
NIPAL3,99,57
NIPAL4,8,1
NIPBL,550,80
NIPSNAP1,444,410
NIPSNAP2,260,210
NIPSNAP3A,161,99
NIPSNAP3B,130,66
NISCH,215,91
NIT1,158,100
NIT2,231,159
NKAIN1,37,3
NKAIN2,84,55
NKAIN3,42,13
NKAIN4,96,71
NKAP,139,93
NKAPD1,205,105
NKAPL,24,0
NKD1,13,3
NKD2,9,2
NKG7,4,0
NKIRAS1,223,172
NKIRAS2,89,54
NKRF,46,21
NKTR,285,108
NKX2-1,2,0
NKX2-2,6,2
NKX2-8,1,0
NKX3-1,3,1
NKX6-2,9,0
NKX6-3,1,1
NLE1,144,101
NLGN1,49,8
NLGN2,35,34
NLGN3,179,100
NLGN4X,112,55
NLGN4Y,92,48
NLK,163,50
NLN,134,28
NLRC3,6,5
NLRC4,5,0
NLRC5,18,2
NLRP1,4,2
NLRP11,2,1
NLRP12,4,1
NLRP14,3,0
NLRP2,12,2
NLRP2B,1,0
NLRP3,24,3
NLRX1,57,16
NMB,9,4
NMBR,19,9
NMD3,299,232
NME1,190,149
NME1-NME2,42,31
NME2,231,200
NME3,95,73
NME4,144,67
NME5,147,115
NME6,89,37
NME7,211,152
NME9,63,44
NMI,24,7
NMNAT1,73,56
NMNAT2,123,88
NMNAT3,86,47
NMRAL1,122,90
NMRK1,250,193
NMRK2,1,1
NMS,3,2
NMT1,118,82
NMT2,209,127
NMU,54,33
NMUR1,2,0
NMUR2,5,4
NNAT,842,816
NNMT,33,16
NNT,323,121
NOA1,112,67
NOB1,86,46
NOC2L,254,191
NOC3L,111,40
NOC4L,109,76
NOCT,31,23
NOD1,28,10
NODAL,16,3
NOG,34,0
NOL10,132,52
NOL11,243,153
NOL12,141,107
NOL3,60,19
NOL4,164,60
NOL4L,99,53
NOL6,121,51
NOL7,270,200
NOL8,222,111
NOL9,113,82
NOLC1,200,90
NOM1,58,29
NOMO1,100,22
NOMO2,231,82
NOMO3,111,9
NONO,649,458
NOP10,46,37
NOP14,154,80
NOP16,91,62
NOP2,108,98
NOP53,263,209
NOP56,462,361
NOP58,527,358
NOP9,39,16
NOS1,1,1
NOS1AP,27,10
NOS2,49,22
NOS3,30,2
NOSIP,135,90
NOSTRIN,40,29
NOTCH1,24,2
NOTCH2,19,1
NOTCH2NLA,31,9
NOTCH2NLB,21,9
NOTCH2NLC,25,1
NOTCH2NLR,12,0
NOTCH3,19,7
NOTCH4,12,5
NOTUM,7,2
NOVA1,228,62
NOVA2,6,6
NOX3,2,0
NOX4,22,9
NOX5,1,1
NOXA1,72,52
NOXO1,12,7
NPAP1,8,0
NPAS1,30,12
NPAS2,105,53
NPAS3,14,5
NPAS4,7,0
NPAT,101,32
NPB,7,1
NPBWR1,2,2
NPC1,158,74
NPC2,45,29
NPDC1,109,86
NPEPL1,158,57
NPEPPS,402,210
NPFF,7,0
NPFFR1,1,1
NPFFR2,10,0
NPHP1,99,28
NPHP3,39,3
NPHP3-ACAD11,11,0
NPHP4,71,48
NPHS1,13,12
NPIPA1,226,167
NPIPA3,2,0
NPIPA5,12,7
NPIPA7,19,7
NPIPA8,36,25
NPIPA9,255,221
NPIPB11,15,13
NPIPB12,30,19
NPIPB13,39,30
NPIPB15,22,14
NPIPB2,41,41
NPIPB3,122,105
NPIPB4,74,57
NPIPB5,162,133
NPIPB6,14,7
NPIPB7,12,3
NPIPB8,4,1
NPIPB9,8,4
NPL,165,111
NPLOC4,54,15
NPM1,666,527
NPM2,415,336
NPM3,36,19
NPNT,24,4
NPPA,26,16
NPPB,7,0
NPPC,5,1
NPR1,4,0
NPR2,128,56
NPR3,91,8
NPRL2,294,245
NPRL3,183,130
NPSR1,1,1
NPTN,594,539
NPTX1,53,31
NPTX2,52,24
NPTXR,28,24
NPVF,2,0
NPW,8,2
NPY,57,26
NPY1R,52,34
NPY2R,5,0
NPY5R,56,35
NQO1,59,16
NQO2,165,116
NR0B1,9,0
NR1D1,58,27
NR1D2,42,5
NR1H2,127,80
NR1H3,135,87
NR1H4,1,1
NR1I2,3,3
NR2C1,280,178
NR2C2,26,8
NR2C2AP,129,118
NR2E1,122,51
NR2F1,132,115
NR2F2,63,23
NR2F6,11,3
NR3C1,63,37
NR3C2,54,3
NR4A1,141,77
NR4A2,115,80
NR6A1,7,3
NRAP,7,2
NRARP,23,0
NRAS,129,84
NRBF2,65,43
NRBP1,385,308
NRBP2,67,16
NRCAM,1075,829
NRDC,502,423
NRDE2,72,50
NREP,878,770
NRF1,85,28
NRG1,128,26
NRG2,3,3
NRG3,58,22
NRG4,17,16
NRGN,349,338
NRIP1,30,8
NRIP2,22,8
NRIP3,53,29
NRL,10,4
NRM,11,1
NRN1,255,196
NRN1L,11,3
NRP1,113,32
NRP2,54,13
NRROS,1,0
NRSN1,224,182
NRSN2,312,250
NRXN1,971,613
NRXN2,186,152
NRXN3,70,33
NSA2,167,86
NSD1,152,47
NSD2,260,102
NSD3,320,90
NSDHL,123,71
NSF,193,111
NSFL1C,336,269
NSG1,380,273
NSG2,524,487
NSL1,144,85
NSMAF,113,51
NSMCE1,98,73
NSMCE2,142,101
NSMCE3,51,26
NSMCE4A,177,135
NSMF,139,88
NSRP1,171,99
NSUN2,134,71
NSUN3,98,59
NSUN4,49,13
NSUN5,110,73
NSUN6,163,115
NSUN7,48,14
NT5C,74,44
NT5C1A,15,12
NT5C2,392,283
NT5C3A,206,126
NT5C3B,230,172
NT5DC1,130,54
NT5DC2,201,154
NT5DC3,7,1
NT5E,52,7
NT5M,41,32
NTAN1,94,46
NTAQ1,85,44
NTF3,16,9
NTHL1,60,38
NTM,515,386
NTMT1,122,69
NTN1,4,2
NTN4,36,16
NTNG1,382,207
NTPCR,150,95
NTRK1,7,2
NTRK2,251,109
NTRK3,139,97
NTS,54,30
NTSR1,14,2
NTSR2,29,21
NUAK1,58,21
NUAK2,18,5
NUB1,280,118
NUBP1,117,68
NUBP2,156,99
NUBPL,71,43
NUCB1,319,253
NUCB2,508,357
NUCKS1,153,89
NUDC,304,234
NUDCD1,112,44
NUDCD2,144,105
NUDCD3,170,111
NUDT1,53,34
NUDT10,51,36
NUDT11,118,94
NUDT12,63,30
NUDT13,30,12
NUDT14,65,57
NUDT15,42,28
NUDT16,59,10
NUDT16L1,42,21
NUDT17,59,45
NUDT18,7,0
NUDT19,19,1
NUDT2,43,29
NUDT21,171,112
NUDT22,97,52
NUDT3,208,131
NUDT4,110,29
NUDT4B,50,0
NUDT5,207,183
NUDT6,45,29
NUDT7,60,40
NUDT8,11,2
NUDT9,170,101
NUF2,139,89
NUFIP1,75,18
NUFIP2,42,3
NUMA1,265,142
NUMB,239,151
NUMBL,23,8
NUP107,283,155
NUP133,208,67
NUP153,79,11
NUP155,107,32
NUP160,234,93
NUP188,136,57
NUP205,153,41
NUP210,47,9
NUP210L,3,3
NUP214,247,110
NUP35,91,49
NUP37,69,40
NUP42,192,120
NUP43,152,122
NUP50,180,66
NUP54,238,174
NUP58,142,70
NUP62,54,29
NUP62CL,25,18
NUP85,309,189
NUP88,323,218
NUP93,390,211
NUP98,138,24
NUPR1,19,6
NUPR2,2,0
NUS1,75,20
NUSAP1,411,313
NUTF2,248,205
NUTM2A,2,1
NUTM2B,3,3
NUTM2D,1,1
NUTM2E,3,3
NVL,272,188
NWD1,13,2
NWD2,34,0
NXF1,192,140
NXF2,2,0
NXN,29,16
NXNL1,1,1
NXNL2,10,6
NXPE3,108,51
NXPH1,26,24
NXPH2,16,4
NXPH3,14,1
NXPH4,7,1
NXT1,20,13
NXT2,32,20
NYAP1,12,7
NYAP2,67,22
NYNRIN,52,18
OAF,51,21
OARD1,184,57
OAS1,26,5
OAS2,15,1
OAS3,7,0
OASL,8,0
OAT,290,240
OAZ1,404,351
OAZ2,221,204
OAZ3,20,16
OBI1,117,79
OBP2A,1,1
OBSCN,77,18
OBSL1,153,48
OC90,1,0
OCA2,85,53
OCEL1,95,49
OCIAD1,861,686
OCIAD2,249,202
OCLN,19,4
OCM,8,3
OCM2,1,1
OCRL,102,43
ODAD1,2,2
ODAD2,28,7
ODAD3,35,19
ODAD4,87,54
ODAPH,1,0
ODC1,131,101
ODF2,273,154
ODF2L,310,136
ODF3,1,1
ODF3B,10,1
ODF3L1,4,2
ODR4,178,144
OFD1,229,58
OGA,291,99
OGDH,165,85
OGDHL,161,122
OGFOD1,181,94
OGFOD2,153,96
OGFOD3,62,30
OGFR,79,65
OGFRL1,23,1
OGG1,276,178
OGN,40,3
OGT,216,47
OIP5,30,15
OLA1,613,488
OLAH,4,1
OLFM1,363,286
OLFM2,78,52
OLFM3,220,78
OLFM4,12,4
OLFML1,15,0
OLFML2B,27,8
OLFML3,23,6
OLIG1,20,3
OLIG2,9,6
OLIG3,2,0
OLR1,44,15
OMA1,408,352
OMD,8,0
OMG,48,31
ONECUT1,1,0
OOSP1,1,0
OPA1,904,350
OPA3,33,24
OPALIN,144,92
OPCML,268,195
OPHN1,89,24
OPLAH,25,5
OPN1SW,3,3
OPN3,60,11
OPN4,16,6
OPRD1,13,12
OPRK1,5,2
OPRL1,62,39
OPRM1,39,33
OPTC,1,1
OPTN,497,308
OR10A5,1,0
OR10AC1,1,0
OR10AD1,2,0
OR10H1,1,0
OR10X1,1,0
OR11L1,1,0
OR14I1,17,0
OR1F1,7,0
OR1L3,1,0
OR1R1P,2,0
OR2A4,3,0
OR2AK2,1,1
OR2B6,1,0
OR2B8P,1,0
OR2C1,1,0
OR2C3,1,1
OR2L13,28,26
OR2L2,3,3
OR2M3,2,2
OR2S2,3,0
OR2T8,2,2
OR2W3,21,0
OR3A1,1,1
OR3A2,11,8
OR4C3,1,0
OR4C45,1,0
OR4F16,2,0
OR4F3,1,0
OR51E1,4,1
OR51E2,3,1
OR52E2,1,0
OR52J3,1,0
OR52N2,2,0
OR56B1,1,0
OR5C1,5,0
OR6B3,1,1
OR6M1,2,0
OR7A5,2,0
OR7C1,2,1
OR8S1,5,0
ORAI1,8,1
ORAI2,31,10
ORAI3,19,8
ORC1,46,21
ORC2,119,46
ORC3,333,210
ORC4,363,244
ORC5,154,114
ORC6,94,50
ORMDL1,217,125
ORMDL2,39,9
ORMDL3,46,38
OS9,443,345
OSBP,61,4
OSBP2,118,55
OSBPL10,42,9
OSBPL11,54,18
OSBPL1A,307,187
OSBPL2,176,76
OSBPL3,74,19
OSBPL5,70,15
OSBPL6,176,55
OSBPL7,42,23
OSBPL8,188,83
OSBPL9,373,291
OSCAR,1,0
OSCP1,114,59
OSER1,139,96
OSGEP,244,165
OSGEPL1,151,124
OSGIN1,9,1
OSGIN2,47,3
OSM,1,0
OSMR,13,8
OSR1,8,5
OST4,72,52
OSTC,97,53
OSTF1,171,130
OSTM1,142,76
OSTN,23,8
OTC,7,7
OTOA,10,0
OTOF,5,3
OTOGL,10,4
OTOR,15,8
OTOS,17,10
OTUB1,335,271
OTUB2,24,5
OTUD1,50,0
OTUD3,40,25
OTUD4,28,5
OTUD5,104,69
OTUD6B,77,33
OTUD7A,5,1
OTUD7B,4,2
OTULIN,29,3
OTULINL,46,16
OTX1,39,20
OTX2,33,13
OVCA2,10,1
OVCH1,2,1
OVGP1,22,8
OVOL2,13,1
OXA1L,195,111
OXCT1,244,160
OXCT2,12,0
OXER1,4,0
OXGR1,15,2
OXLD1,16,11
OXNAD1,153,73
OXR1,285,92
OXSM,83,50
OXSR1,96,24
OXT,3,0
OXTR,3,0
P2RX1,4,2
P2RX2,2,1
P2RX3,7,1
P2RX4,98,71
P2RX5,75,38
P2RX5-TAX1BP3,7,0
P2RX6,52,32
P2RX7,33,6
P2RY1,94,1
P2RY11,2,1
P2RY12,34,11
P2RY13,10,4
P2RY14,11,3
P2RY2,4,1
P2RY4,1,0
P2RY6,5,0
P3H1,78,33
P3H2,26,4
P3H3,53,28
P3H4,42,20
P4HA1,194,83
P4HA2,107,53
P4HA3,13,12
P4HB,145,86
P4HTM,178,116
PA2G4,407,347
PAAF1,332,308
PABIR1,147,6
PABIR2,100,57
PABIR3,35,17
PABPC1,615,443
PABPC1L,66,22
PABPC1L2A,34,0
PABPC1L2B,65,1
PABPC3,16,0
PABPC4,238,100
PABPC4L,4,1
PABPC5,24,5
PABPN1,114,85
PABPN1L,1,0
PACC1,143,108
PACRG,10,2
PACRGL,185,125
PACS1,67,8
PACS2,175,75
PACSIN1,173,110
PACSIN2,98,58
PACSIN3,37,31
PADI2,77,39
PADI4,11,5
PAF1,271,188
PAFAH1B1,326,134
PAFAH1B2,121,78
PAFAH1B3,244,211
PAFAH2,51,32
PAG1,18,3
PAGE1,2,1
PAGE2B,1,1
PAGE4,2,1
PAGR1,42,14
PAH,43,27
PAICS,309,204
PAIP1,296,218
PAIP2,428,387
PAIP2B,45,22
PAK1,583,446
PAK1IP1,138,93
PAK2,263,87
PAK3,234,174
PAK4,48,15
PAK5,125,59
PAK6,300,191
PALB2,76,59
PALD1,46,11
PALLD,151,39
PALM,95,51
PALM2AKAP2,184,60
PALM3,18,13
PALMD,171,85
PAM,360,265
PAM16,76,51
PAMR1,61,29
PAN2,132,85
PAN3,51,12
PANK1,68,25
PANK2,174,71
PANK3,95,17
PANK4,94,63
PANO1,9,0
PANX1,91,16
PANX2,18,1
PAOX,53,9
PAPLN,18,4
PAPOLA,486,275
PAPOLB,4,0
PAPOLG,148,59
PAPPA,1,0
PAPPA2,21,11
PAPSS1,243,187
PAPSS2,43,6
PAQR3,45,16
PAQR4,45,15
PAQR5,5,3
PAQR6,277,222
PAQR7,11,8
PAQR8,35,26
PARD3,77,14
PARD3B,61,9
PARD6A,29,17
PARD6B,12,0
PARD6G,31,27
PARG,172,138
PARK7,357,319
PARL,163,109
PARM1,61,11
PARN,112,78
PARP1,490,255
PARP10,23,6
PARP11,77,37
PARP12,12,2
PARP14,43,24
PARP16,75,56
PARP2,368,247
PARP3,96,54
PARP4,63,19
PARP6,273,194
PARP8,125,44
PARP9,42,16
PARPBP,75,57
PARS2,11,3
PARVA,114,58
PARVB,117,83
PARVG,31,17
PASK,131,47
PATE2,1,1
PATJ,115,57
PATL1,100,28
PATL2,4,0
PATZ1,72,32
PAWR,50,2
PAX3,6,3
PAX4,9,7
PAX6,738,450
PAX7,6,2
PAX8,18,4
PAXBP1,165,35
PAXIP1,94,81
PAXX,151,122
PBDC1,125,74
PBK,90,54
PBLD,52,34
PBOV1,1,0
PBRM1,347,132
PBX1,230,138
PBX2,16,5
PBX3,85,17
PBX4,45,22
PBXIP1,104,60
PC,196,140
PCARE,1,1
PCBD1,72,51
PCBD2,40,22
PCBP1,79,71
PCBP2,1041,837
PCBP3,64,40
PCBP4,253,210
PCCA,238,159
PCCB,259,205
PCDH1,30,10
PCDH10,302,124
PCDH11X,21,2
PCDH11Y,19,8
PCDH12,29,1
PCDH15,20,5
PCDH17,36,8
PCDH18,47,11
PCDH19,21,4
PCDH20,13,3
PCDH7,9,7
PCDH8,54,2
PCDH9,83,59
PCDHA1,10,2
PCDHA10,9,1
PCDHA11,17,0
PCDHA12,6,4
PCDHA13,43,19
PCDHA2,4,0
PCDHA3,14,8
PCDHA4,18,4
PCDHA5,4,1
PCDHA6,11,4
PCDHA7,2,1
PCDHA8,4,2
PCDHA9,3,0
PCDHAC1,6,0
PCDHAC2,116,45
PCDHB10,74,1
PCDHB11,2,2
PCDHB12,6,4
PCDHB13,47,0
PCDHB14,2,1
PCDHB15,4,4
PCDHB16,4,0
PCDHB2,10,3
PCDHB3,1,1
PCDHB4,9,9
PCDHB5,4,4
PCDHB6,1,0
PCDHB7,55,2
PCDHB8,24,0
PCDHB9,6,5
PCDHGA1,3,2
PCDHGA10,19,15
PCDHGA11,23,12
PCDHGA12,110,81
PCDHGA2,16,14
PCDHGA3,5,1
PCDHGA4,7,2
PCDHGA5,7,4
PCDHGA6,9,5
PCDHGA7,4,0
PCDHGA8,2,1
PCDHGA9,31,4
PCDHGB1,9,4
PCDHGB2,21,15
PCDHGB3,7,4
PCDHGB4,8,5
PCDHGB5,28,16
PCDHGB6,19,2
PCDHGB7,42,11
PCDHGC3,133,88
PCDHGC4,54,17
PCDHGC5,220,173
PCED1A,102,91
PCED1B,25,15
PCF11,236,65
PCGF1,126,104
PCGF2,87,51
PCGF3,469,323
PCGF5,125,53
PCGF6,90,59
PCID2,339,260
PCIF1,244,181
PCK1,2,1
PCK2,52,19
PCLAF,114,74
PCLO,209,60
PCM1,807,388
PCMT1,452,379
PCMTD1,277,138
PCMTD2,183,75
PCNA,126,90
PCNP,656,564
PCNT,358,145
PCNX1,146,15
PCNX2,87,45
PCNX3,170,110
PCNX4,211,105
PCOLCE,73,28
PCOLCE2,23,8
PCP2,2,0
PCP4,57,42
PCP4L1,53,42
PCSK1,119,39
PCSK1N,158,152
PCSK2,152,58
PCSK4,16,6
PCSK5,46,12
PCSK6,35,11
PCSK7,125,71
PCSK9,31,4
PCTP,54,30
PCYOX1,100,45
PCYOX1L,74,36
PCYT1A,131,71
PCYT1B,53,22
PCYT2,102,52
PDAP1,431,369
PDCD10,204,126
PDCD11,158,33
PDCD1LG2,5,1
PDCD2,197,103
PDCD2L,72,38
PDCD4,323,201
PDCD5,182,128
PDCD6,187,122
PDCD6IP,265,109
PDCD7,30,18
PDCL,152,107
PDCL2,1,0
PDCL3,137,86
PDE10A,36,16
PDE11A,7,7
PDE12,69,14
PDE1A,209,105
PDE1B,130,79
PDE1C,70,24
PDE2A,207,151
PDE3A,5,0
PDE3B,44,0
PDE4A,88,46
PDE4B,248,129
PDE4C,4,2
PDE4D,69,21
PDE4DIP,606,219
PDE5A,31,17
PDE6A,1,1
PDE6B,98,92
PDE6D,88,57
PDE6G,2,0
PDE6H,11,9
PDE7A,50,25
PDE7B,47,8
PDE8A,87,6
PDE8B,89,26
PDE9A,186,94
PDF,25,16
PDGFA,93,65
PDGFB,28,16
PDGFC,77,39
PDGFD,50,6
PDGFRA,62,10
PDGFRB,51,20
PDGFRL,17,8
PDHA1,413,260
PDHB,287,243
PDHX,230,141
PDIA2,113,65
PDIA3,315,240
PDIA4,152,86
PDIA5,53,32
PDIA6,1415,1290
PDIK1L,55,18
PDK1,57,19
PDK2,210,129
PDK3,79,21
PDK4,47,10
PDLIM1,34,21
PDLIM2,31,1
PDLIM3,72,30
PDLIM4,39,17
PDLIM5,63,24
PDLIM7,230,198
PDP1,123,76
PDP2,54,24
PDPK1,37,16
PDPN,150,92
PDPR,15,11
PDRG1,62,40
PDS5A,185,63
PDS5B,377,198
PDSS1,89,51
PDSS2,70,43
PDXDC1,103,40
PDXK,131,78
PDXP,15,11
PDYN,15,4
PDZD11,183,155
PDZD2,107,28
PDZD4,81,70
PDZD7,123,50
PDZD8,53,30
PDZD9,8,7
PDZK1,13,9
PDZK1IP1,3,0
PDZRN3,51,18
PDZRN4,86,10
PEA15,1136,1084
PEAK1,69,51
PEAR1,9,3
PEBP1,552,526
PEBP4,19,10
PECAM1,163,111
PECR,67,59
PEDS1,51,21
PEDS1-UBE2V1,3,1
PEF1,97,75
PEG10,73,52
PEG3,156,86
PELI1,68,31
PELI2,29,3
PELI3,43,14
PELO,64,3
PELP1,84,44
PEMT,65,46
PENK,57,36
PEPD,179,143
PER1,30,9
PER2,32,6
PER3,111,51
PERM1,2,1
PERP,30,16
PES1,607,507
PET100,106,83
PET117,25,17
PEX1,158,65
PEX10,58,28
PEX11A,25,13
PEX11B,132,113
PEX11G,25,15
PEX12,24,10
PEX13,173,122
PEX14,66,43
PEX16,965,881
PEX19,235,168
PEX2,117,65
PEX26,126,87
PEX3,173,88
PEX5,169,106
PEX5L,195,51
PEX6,70,26
PEX7,79,42
PF4,6,1
PF4V1,4,1
PFAS,66,20
PFDN1,114,80
PFDN2,79,60
PFDN4,213,162
PFDN5,357,284
PFDN6,44,13
PFKFB1,3,3
PFKFB2,71,47
PFKFB3,180,107
PFKFB4,60,39
PFKL,329,260
PFKM,522,409
PFKP,501,364
PFN1,154,141
PFN2,1443,1378
PFN3,5,0
PFN4,12,5
PGA3,7,0
PGA4,3,0
PGA5,6,0
PGAM1,190,164
PGAM2,12,2
PGAM5,121,107
PGAP1,77,17
PGAP2,188,118
PGAP3,78,46
PGAP4,42,29
PGAP6,70,26
PGBD1,130,59
PGBD2,36,13
PGBD4,75,7
PGBD5,119,53
PGD,505,453
PGF,21,9
PGGHG,24,7
PGGT1B,91,54
PGK1,547,461
PGLS,102,59
PGLYRP1,1,0
PGM1,110,76
PGM2,125,41
PGM2L1,102,20
PGM3,179,76
PGM5,5,1
PGP,41,21
PGPEP1,87,78
PGPEP1L,5,2
PGRMC1,122,100
PGRMC2,82,46
PGS1,186,121
PHACTR1,169,55
PHACTR2,135,32
PHACTR3,267,141
PHACTR4,150,110
PHAX,359,290
PHB2,265,249
PHC1,198,59
PHC2,120,82
PHC3,72,35
PHETA1,8,5
PHETA2,9,4
PHEX,1,1
PHF1,54,24
PHF10,82,11
PHF11,117,52
PHF12,131,37
PHF13,38,12
PHF14,340,203
PHF19,70,41
PHF2,55,21
PHF20,224,61
PHF20L1,290,111
PHF21A,239,126
PHF21B,49,23
PHF23,131,94
PHF24,142,67
PHF3,297,44
PHF5A,105,86
PHF6,161,63
PHF7,51,23
PHF8,54,15
PHGDH,212,157
PHIP,338,132
PHKA1,55,13
PHKA2,98,50
PHKB,276,89
PHKG1,28,12
PHKG2,243,164
PHLDA1,97,24
PHLDA2,8,1
PHLDA3,23,8
PHLDB1,207,91
PHLDB2,38,8
PHLDB3,28,16
PHLPP1,90,20
PHLPP2,34,12
PHOSPHO1,15,8
PHOSPHO2,52,37
PHPT1,147,112
PHRF1,43,1
PHTF1,316,131
PHTF2,143,53
PHYH,145,98
PHYHD1,160,123
PHYHIP,309,259
PHYHIPL,297,187
PHYKPL,123,75
PI16,53,41
PI4K2A,36,6
PI4K2B,43,17
PI4KA,436,350
PI4KB,196,131
PIANP,73,54
PIAS1,132,25
PIAS2,217,76
PIAS3,83,58
PIAS4,34,25
PIBF1,227,113
PICALM,1224,784
PICK1,149,96
PID1,85,55
PIDD1,104,58
PIEZO1,35,9
PIEZO2,23,1
PIF1,29,17
PIFO,41,15
PIGA,32,7
PIGB,121,95
PIGBOS1,23,11
PIGC,104,97
PIGF,100,59
PIGG,229,78
PIGH,92,60
PIGK,150,88
PIGL,89,57
PIGM,125,15
PIGN,116,22
PIGO,78,56
PIGP,70,33
PIGQ,130,51
PIGS,105,74
PIGT,162,73
PIGU,104,82
PIGV,71,23
PIGW,11,0
PIGX,88,34
PIGY,78,71
PIGZ,19,9
PIH1D1,250,191
PIH1D2,49,19
PIK3AP1,10,3
PIK3C2A,106,31
PIK3C2B,28,5
PIK3C2G,4,3
PIK3C3,255,75
PIK3CA,118,5
PIK3CB,149,44
PIK3CD,46,17
PIK3CG,3,1
PIK3IP1,47,23
PIK3R1,274,124
PIK3R2,37,17
PIK3R3,123,38
PIK3R4,74,31
PIK3R5,3,1
PIK3R6,6,3
PIKFYVE,126,22
PILRA,21,6
PILRB,69,62
PIM1,42,15
PIM2,38,25
PIM3,33,9
PIMREG,145,132
PIN1,426,376
PIN4,133,101
PINK1,92,26
PINLYP,49,19
PINX1,86,40
PIP4K2A,95,47
PIP4K2B,74,32
PIP4K2C,144,102
PIP4P1,82,52
PIP4P2,185,113
PIP5K1A,70,38
PIP5K1B,89,28
PIP5K1C,42,10
PIP5KL1,30,15
PIPOX,65,38
PIR,49,33
PIRT,3,0
PISD,266,208
PITHD1,115,99
PITPNA,66,44
PITPNB,273,237
PITPNC1,99,66
PITPNM1,74,50
PITPNM2,26,7
PITPNM3,13,6
PITRM1,364,226
PITX2,6,1
PIWIL2,2,0
PIWIL4,49,46
PJA1,547,495
PJA2,371,236
PJVK,37,17
PKD1,56,35
PKD1L1,1,0
PKD1L2,10,3
PKD2,52,17
PKD2L1,41,29
PKD2L2,7,7
PKDCC,60,27
PKDREJ,1,1
PKIA,136,82
PKIB,52,13
PKIG,188,143
PKLR,4,0
PKM,991,953
PKMYT1,34,11
PKN1,112,62
PKN2,170,28
PKN3,49,13
PKNOX1,139,49
PKNOX2,221,146
PKP1,2,2
PKP2,32,1
PKP3,4,0
PKP4,410,307
PLA1A,13,3
PLA2G10,1,1
PLA2G12A,94,24
PLA2G15,70,35
PLA2G1B,3,0
PLA2G2A,1,0
PLA2G2C,10,6
PLA2G3,20,12
PLA2G4A,31,8
PLA2G4B,82,46
PLA2G4C,156,116
PLA2G4D,3,1
PLA2G5,42,31
PLA2G6,110,72
PLA2G7,36,23
PLA2R1,2,1
PLAA,172,86
PLAAT1,60,42
PLAAT2,1,0
PLAAT3,73,52
PLAAT4,22,3
PLAAT5,34,22
PLAC8,3,0
PLAC8L1,11,1
PLAC9,29,11
PLAG1,7,1
PLAGL1,116,81
PLAGL2,9,2
PLAT,60,30
PLAU,11,5
PLAUR,56,28
PLB1,18,7
PLBD1,11,1
PLBD2,59,17
PLCB1,248,69
PLCB2,68,49
PLCB3,21,0
PLCB4,110,28
PLCD1,82,56
PLCD3,36,16
PLCD4,27,11
PLCE1,113,23
PLCG1,141,65
PLCG2,20,2
PLCH1,83,48
PLCH2,36,32
PLCL1,77,12
PLCL2,115,12
PLCXD1,138,115
PLCXD2,11,4
PLCXD3,11,0
PLD1,32,4
PLD2,131,72
PLD3,801,700
PLD4,30,11
PLD5,54,13
PLD6,10,4
PLEC,11,2
PLEK,16,3
PLEK2,4,2
PLEKHA1,222,139
PLEKHA2,11,11
PLEKHA3,98,39
PLEKHA4,10,5
PLEKHA5,307,144
PLEKHA6,98,58
PLEKHA7,47,19
PLEKHA8,87,59
PLEKHB1,423,386
PLEKHB2,180,129
PLEKHD1,8,2
PLEKHF1,6,1
PLEKHF2,21,12
PLEKHG1,31,8
PLEKHG2,72,53
PLEKHG3,46,13
PLEKHG4,25,11
PLEKHG4B,75,12
PLEKHG5,62,21
PLEKHH1,65,13
PLEKHH2,19,2
PLEKHH3,7,0
PLEKHJ1,147,100
PLEKHM1,43,9
PLEKHM2,190,93
PLEKHM3,23,11
PLEKHO1,111,62
PLEKHO2,20,9
PLGLB1,33,25
PLGLB2,7,6
PLGRKT,88,59
PLIN2,103,65
PLIN3,57,35
PLIN4,4,0
PLIN5,28,11
PLK1,84,44
PLK2,291,225
PLK3,67,27
PLK4,111,41
PLK5,20,3
PLLP,54,44
PLN,5,0
PLOD1,104,60
PLOD2,75,18
PLOD3,73,40
PLP1,500,434
PLP2,33,18
PLPBP,147,107
PLPP1,98,76
PLPP2,20,7
PLPP3,84,71
PLPP4,36,24
PLPP5,334,252
PLPP6,68,5
PLPP7,32,12
PLPPR1,207,140
PLPPR2,182,132
PLPPR3,27,17
PLPPR4,64,23
PLPPR5,127,58
PLRG1,293,198
PLS1,55,25
PLS3,202,129
PLSCR1,125,53
PLSCR2,1,1
PLSCR3,94,63
PLSCR4,128,65
PLSCR5,4,4
PLTP,244,169
PLVAP,12,3
PLXDC1,81,48
PLXDC2,70,6
PLXNA1,87,11
PLXNA2,125,54
PLXNA3,90,18
PLXNA4,52,17
PLXNB1,112,70
PLXNB2,101,52
PLXNB3,44,10
PLXNC1,77,14
PLXND1,58,13
PM20D1,3,1
PM20D2,33,19
PMAIP1,8,2
PMCH,2,1
PMEL,5,2
PMEPA1,17,1
PMF1,89,67
PMF1-BGLAP,59,42
PMFBP1,5,0
PML,94,16
PMM1,160,142
PMM2,62,23
PMP2,122,86
PMP22,76,42
PMPCA,189,134
PMPCB,462,335
PMS1,307,136
PMS2,129,53
PMVK,96,81
PNCK,184,156
PNISR,430,228
PNKD,192,155
PNKP,128,87
PNLDC1,40,25
PNMA1,183,137
PNMA2,99,58
PNMA3,59,22
PNMA5,23,12
PNMA6A,6,1
PNMA6F,6,2
PNMA8A,138,82
PNMA8B,11,11
PNMA8C,56,8
PNMT,30,10
PNN,249,155
PNO1,85,40
PNOC,47,32
PNP,53,19
PNPLA1,1,0
PNPLA2,51,21
PNPLA3,36,20
PNPLA4,70,45
PNPLA5,9,4
PNPLA6,172,153
PNPLA7,51,15
PNPLA8,326,212
PNPO,54,17
PNPT1,279,216
PNRC1,73,45
PNRC2,114,79
POC1A,87,57
POC1B,137,92
POC1B-GALNT4,1,0
POC5,87,51
PODN,14,6
PODNL1,10,4
PODXL,39,19
PODXL2,156,85
POFUT1,32,10
POFUT2,34,15
POGK,136,59
POGLUT1,96,50
POGLUT2,57,35
POGLUT3,17,3
POGZ,167,57
POLA1,329,154
POLA2,90,35
POLB,393,275
POLD1,115,37
POLD2,291,249
POLD3,128,57
POLD4,73,49
POLDIP2,278,208
POLDIP3,165,129
POLE,72,16
POLE2,62,42
POLE3,328,285
POLE4,78,57
POLG,107,26
POLG2,128,62
POLH,58,35
POLI,128,62
POLK,127,89
POLL,200,146
POLM,120,93
POLN,15,8
POLQ,40,15
POLR1A,59,16
POLR1B,112,24
POLR1C,174,120
POLR1D,130,90
POLR1E,90,54
POLR1F,35,13
POLR1G,41,16
POLR1H,27,10
POLR2A,98,36
POLR2B,376,245
POLR2C,126,95
POLR2D,197,178
POLR2E,297,245
POLR2F,176,137
POLR2G,180,113
POLR2H,133,64
POLR2I,190,153
POLR2J,71,53
POLR2J2,34,22
POLR2J3,243,202
POLR2K,195,171
POLR2L,36,33
POLR2M,147,61
POLR3A,184,38
POLR3B,91,27
POLR3C,285,169
POLR3D,92,32
POLR3E,194,59
POLR3F,130,85
POLR3G,82,45
POLR3GL,135,78
POLR3H,145,100
POLR3K,35,19
POLRMT,76,43
POM121,80,31
POM121C,45,18
POMC,3,1
POMGNT1,306,259
POMGNT2,19,17
POMK,42,15
POMP,300,255
POMT1,268,164
POMT2,97,45
POMZP3,32,7
PON1,1,1
PON2,303,196
PON3,23,18
POP1,67,14
POP4,91,46
POP5,108,69
POP7,41,32
POPDC2,38,34
POPDC3,62,27
POR,146,93
PORCN,174,148
POSTN,8,2
POT1,88,21
POTEI,5,5
POU2AF1,2,2
POU2F1,33,12
POU2F2,8,4
POU2F3,1,0
POU3F1,11,0
POU3F2,191,38
POU3F3,208,200
POU3F4,78,5
POU5F1,1,0
POU5F2,14,0
POU6F1,104,84
POU6F2,137,99
PPA1,246,202
PPA2,314,186
PPAN,89,53
PPAN-P2RY11,1,0
PPARA,11,4
PPARD,75,46
PPARG,38,3
PPARGC1A,3,0
PPARGC1B,14,3
PPAT,141,61
PPBP,11,1
PPCDC,50,19
PPCS,120,69
PPDPF,99,82
PPEF1,78,71
PPFIA1,251,77
PPFIA2,663,296
PPFIA3,105,22
PPFIA4,99,58
PPFIBP1,321,187
PPFIBP2,94,45
PPHLN1,315,203
PPIA,626,530
PPIB,105,83
PPIC,22,9
PPID,231,152
PPIE,447,365
PPIF,75,44
PPIG,349,208
PPIH,193,141
PPIL1,48,34
PPIL2,265,127
PPIL3,245,176
PPIL4,264,173
PPIL6,87,56
PPIP5K1,100,41
PPIP5K2,282,111
PPL,5,3
PPM1A,124,36
PPM1B,176,89
PPM1D,103,34
PPM1E,20,5
PPM1F,32,10
PPM1G,190,147
PPM1H,33,5
PPM1J,39,26
PPM1K,375,331
PPM1L,27,6
PPM1M,46,18
PPM1N,16,6
PPME1,364,303
PPOX,383,289
PPP1CA,121,93
PPP1CB,305,173
PPP1CC,196,126
PPP1R10,38,4
PPP1R11,34,19
PPP1R12A,316,144
PPP1R12B,98,22
PPP1R12C,74,53
PPP1R13B,89,28
PPP1R13L,11,0
PPP1R14A,52,41
PPP1R14B,40,26
PPP1R14C,36,17
PPP1R15A,94,54
PPP1R15B,69,16
PPP1R16A,85,47
PPP1R16B,37,8
PPP1R17,63,33
PPP1R18,17,2
PPP1R1A,185,113
PPP1R1B,226,199
PPP1R1C,29,12
PPP1R2,129,78
PPP1R21,363,162
PPP1R26,23,19
PPP1R2B,1,0
PPP1R32,48,14
PPP1R35,23,11
PPP1R36,3,3
PPP1R37,23,5
PPP1R3B,4,1
PPP1R3C,51,37
PPP1R3D,42,0
PPP1R3E,104,65
PPP1R3F,71,35
PPP1R3G,42,0
PPP1R42,47,40
PPP1R7,306,202
PPP1R8,77,41
PPP1R9A,221,90
PPP1R9B,59,28
PPP2CA,761,659
PPP2CB,137,107
PPP2R1A,599,553
PPP2R1B,131,37
PPP2R2A,174,76
PPP2R2B,424,315
PPP2R2C,177,129
PPP2R2D,111,52
PPP2R3A,126,16
PPP2R3B,25,2
PPP2R3C,487,366
PPP2R5A,69,25
PPP2R5B,148,109
PPP2R5C,921,608
PPP2R5D,215,134
PPP2R5E,277,148
PPP3CA,375,143
PPP3CB,331,166
PPP3CC,208,134
PPP3R1,53,35
PPP4C,221,160
PPP4R1,203,112
PPP4R2,118,36
PPP4R3A,231,61
PPP4R3B,382,227
PPP4R4,56,10
PPP5C,216,159
PPP6C,181,105
PPP6R1,42,19
PPP6R2,190,66
PPP6R3,372,194
PPRC1,200,49
PPT1,228,170
PPT2,33,8
PPT2-EGFL8,2,2
PPTC7,10,3
PPWD1,216,92
PQBP1,249,155
PRADC1,50,33
PRAF2,51,33
PRAG1,3,0
PRAM1,8,0
PRAP1,27,23
PRB2,6,5
PRC1,243,184
PRCC,192,115
PRCD,32,22
PRCP,117,54
PRDM1,3,0
PRDM10,46,16
PRDM11,17,4
PRDM12,2,1
PRDM15,20,9
PRDM16,21,7
PRDM2,240,72
PRDM4,76,32
PRDM5,50,8
PRDM6,2,0
PRDM8,34,29
PRDX1,299,269
PRDX2,449,401
PRDX3,268,240
PRDX4,86,69
PRDX5,330,304
PRDX6,187,129
PREB,114,80
PRELID1,89,60
PRELID2,22,9
PRELID3A,77,44
PRELID3B,140,78
PRELP,30,6
PREP,275,203
PREPL,403,203
PREX1,145,61
PREX2,97,14
PRF1,2,0
PRG2,1,0
PRH1,22,17
PRICKLE1,110,22
PRICKLE2,38,3
PRICKLE3,7,2
PRIM1,158,140
PRIM2,82,34
PRIMA1,2,1
PRIMPOL,190,121
PRKAA1,86,31
PRKAA2,37,13
PRKAB1,112,68
PRKAB2,32,14
PRKACA,29,16
PRKACB,578,400
PRKAG1,183,146
PRKAG2,177,93
PRKAG3,1,1
PRKAR1A,968,835
PRKAR1B,371,321
PRKAR2A,53,22
PRKAR2B,146,55
PRKCA,38,9
PRKCB,116,71
PRKCD,72,18
PRKCE,78,23
PRKCG,181,112
PRKCH,36,1
PRKCI,112,34
PRKCQ,35,18
PRKCSH,402,325
PRKCZ,331,253
PRKD1,87,57
PRKD2,53,15
PRKD3,69,25
PRKDC,298,98
PRKG1,21,1
PRKG2,48,5
PRKN,68,42
PRKRA,297,156
PRKRIP1,180,117
PRKX,34,20
PRL,5,0
PRLHR,5,1
PRLR,1,1
PRMT1,349,312
PRMT2,624,407
PRMT3,143,76
PRMT5,287,236
PRMT6,13,8
PRMT7,369,245
PRMT8,160,110
PRMT9,60,23
PRND,4,0
PRNP,308,291
PROB1,17,0
PROC,5,0
PROCA1,68,40
PROCR,28,5
PRODH,24,8
PROK1,1,0
PROK2,5,0
PROKR1,3,0
PROKR2,61,39
PROM1,171,99
PROM2,1,0
PRORP,166,67
PROS1,49,16
PROSER1,103,23
PROSER3,18,13
PROX1,5,2
PROX2,7,7
PRPF18,107,66
PRPF19,167,136
PRPF3,342,237
PRPF31,62,23
PRPF38A,183,114
PRPF38B,194,95
PRPF39,324,186
PRPF4,151,76
PRPF40A,548,373
PRPF40B,277,183
PRPF4B,279,116
PRPF6,343,268
PRPF8,166,76
PRPH,9,0
PRPH2,11,3
PRPS1,90,48
PRPS2,93,41
PRPSAP1,272,179
PRPSAP2,446,379
PRR11,35,26
PRR12,41,11
PRR13,156,123
PRR14,115,60
PRR14L,41,6
PRR15,4,0
PRR16,11,11
PRR18,1,1
PRR19,24,4
PRR22,1,0
PRR23A,1,0
PRR23D1,1,0
PRR29,16,7
PRR3,17,0
PRR32,1,0
PRR36,8,1
PRR4,8,0
PRR5,61,34
PRR5-ARHGAP8,10,9
PRR5L,36,34
PRR7,21,2
PRRC1,99,36
PRRC2A,51,7
PRRC2B,274,87
PRRC2C,272,88
PRRG1,50,14
PRRG2,1,1
PRRG3,34,34
PRRT1,13,4
PRRT2,241,197
PRRT3,40,14
PRRT4,2,2
PRRX1,35,3
PRSS12,64,5
PRSS16,42,13
PRSS21,1,1
PRSS23,37,19
PRSS27,33,10
PRSS3,46,24
PRSS35,16,6
PRSS36,18,16
PRSS48,2,1
PRSS50,8,1
PRSS51,4,4
PRSS53,13,10
PRSS54,3,3
PRSS56,5,0
PRSS8,2,2
PRTFDC1,258,217
PRTG,2,1
PRTN3,11,1
PRUNE1,107,61
PRUNE2,147,77
PRX,9,4
PRXL2A,395,291
PRXL2B,82,39
PRXL2C,17,6
PSAP,1168,1099
PSAPL1,1,0
PSAT1,382,318
PSCA,5,3
PSD,123,93
PSD2,95,38
PSD3,137,37
PSD4,16,3
PSEN1,172,104
PSEN2,114,48
PSENEN,232,208
PSG1,2,2
PSIP1,478,226
PSKH1,32,7
PSMA1,377,324
PSMA2,279,218
PSMA3,202,145
PSMA4,349,252
PSMA5,167,136
PSMA6,221,166
PSMA7,214,171
PSMA8,1,0
PSMB1,211,154
PSMB10,65,44
PSMB2,455,415
PSMB3,88,63
PSMB4,194,144
PSMB5,205,175
PSMB6,188,163
PSMB7,286,255
PSMB8,13,3
PSMB9,9,2
PSMC1,237,174
PSMC2,277,167
PSMC3,390,357
PSMC3IP,104,57
PSMC4,234,164
PSMC5,475,440
PSMC6,452,349
PSMD1,375,210
PSMD10,94,70
PSMD11,262,162
PSMD12,360,275
PSMD13,321,238
PSMD14,455,368
PSMD2,396,347
PSMD3,183,138
PSMD4,479,422
PSMD5,146,102
PSMD6,248,166
PSMD7,162,124
PSMD8,201,168
PSMD9,105,54
PSME1,222,173
PSME2,118,78
PSME3,243,178
PSME3IP1,495,469
PSME4,130,46
PSMF1,272,198
PSMG1,91,43
PSMG2,246,144
PSMG3,25,14
PSMG4,98,70
PSORS1C1,3,1
PSPC1,307,142
PSPH,151,118
PSPN,4,4
PSRC1,313,239
PSTK,136,95
PSTPIP1,28,11
PSTPIP2,17,7
PTAFR,1,0
PTAR1,37,15
PTBP1,110,72
PTBP2,518,325
PTBP3,99,38
PTCD1,40,27
PTCD2,72,35
PTCD3,407,335
PTCH1,26,3
PTCH2,44,19
PTCHD1,4,3
PTCHD4,16,8
PTCRA,1,0
PTDSS1,174,111
PTDSS2,93,48
PTEN,293,155
PTER,19,9
PTF1A,3,2
PTGDR2,1,0
PTGDS,1618,1567
PTGER1,1,0
PTGER2,1,0
PTGER3,17,1
PTGER4,6,0
PTGES,11,11
PTGES2,75,64
PTGES3,1063,946
PTGES3L,75,43
PTGES3L-AARSD1,15,11
PTGFR,7,0
PTGFRN,67,2
PTGIR,1,0
PTGIS,47,23
PTGR1,182,128
PTGR2,183,110
PTGS1,18,9
PTGS2,18,1
PTH1R,58,31
PTH2,7,5
PTH2R,56,30
PTHLH,36,17
PTK2,545,360
PTK2B,728,611
PTK7,85,12
PTMA,964,918
PTMS,311,267
PTN,530,472
PTOV1,283,180
PTP4A1,131,83
PTP4A2,145,100
PTP4A3,68,33
PTPA,212,144
PTPDC1,73,18
PTPMT1,99,35
PTPN1,55,10
PTPN11,197,63
PTPN12,170,76
PTPN13,113,35
PTPN14,15,6
PTPN18,80,33
PTPN2,230,170
PTPN20,85,50
PTPN21,31,1
PTPN23,60,11
PTPN3,63,30
PTPN4,113,14
PTPN5,178,147
PTPN6,38,13
PTPN7,1,0
PTPN9,57,15
PTPRA,335,177
PTPRB,66,35
PTPRC,26,5
PTPRCAP,4,0
PTPRD,622,304
PTPRE,104,49
PTPRF,285,116
PTPRG,117,32
PTPRH,12,3
PTPRJ,49,24
PTPRK,159,83
PTPRM,199,88
PTPRN,324,271
PTPRN2,142,123
PTPRO,306,85
PTPRQ,7,7
PTPRR,94,30
PTPRS,222,164
PTPRT,57,16
PTPRU,98,46
PTPRZ1,678,328
PTRH1,114,78
PTRH2,54,33
PTRHD1,39,27
PTS,248,151
PTTG1,144,102
PTTG1IP,187,134
PTTG2,5,0
PTX3,20,4
PUDP,41,20
PUF60,403,345
PUM1,181,101
PUM2,328,108
PUM3,163,89
PURA,2,2
PURB,89,38
PURG,15,5
PUS1,79,30
PUS10,58,31
PUS3,52,23
PUS7,138,74
PUS7L,98,34
PUSL1,74,53
PVALB,16,5
PVALEF,1,0
PVR,80,35
PWP1,296,200
PWP2,82,27
PWWP2A,67,14
PWWP2B,37,7
PWWP3A,238,98
PWWP3B,34,11
PWWP4,5,0
PXDC1,16,5
PXDN,56,13
PXDNL,2,1
PXK,235,167
PXMP2,55,30
PXMP4,87,64
PXN,41,16
PXYLP1,145,77
PYCARD,9,2
PYCR1,97,64
PYCR2,121,90
PYCR3,30,14
PYDC1,6,0
PYGB,282,191
PYGL,41,21
PYGM,44,20
PYGO1,13,1
PYGO2,34,21
PYM1,68,36
PYROXD1,96,73
PYROXD2,52,31
PZP,4,3
QARS1,1072,970
QDPR,338,252
QKI,175,56
QPCT,47,17
QPCTL,92,68
QPRT,39,21
QRFPR,24,0
QRICH1,688,557
QRICH2,51,18
QRSL1,140,60
QSER1,114,9
QSOX1,107,43
QSOX2,2,1
QTRT1,253,180
QTRT2,64,54
R3HCC1,198,140
R3HCC1L,98,54
R3HDM1,497,283
R3HDM2,491,330
R3HDM4,86,69
RAB10,250,164
RAB11A,222,163
RAB11B,448,422
RAB11FIP1,3,1
RAB11FIP2,44,8
RAB11FIP3,53,14
RAB11FIP4,107,53
RAB11FIP5,30,10
RAB12,93,58
RAB13,103,74
RAB14,296,212
RAB15,94,44
RAB17,8,1
RAB18,259,147
RAB19,1,0
RAB1A,399,324
RAB1B,186,164
RAB20,5,1
RAB21,60,13
RAB22A,57,12
RAB23,103,75
RAB24,175,135
RAB25,10,2
RAB26,77,40
RAB27A,14,3
RAB27B,43,35
RAB28,163,100
RAB29,51,27
RAB2A,475,360
RAB2B,369,328
RAB30,71,25
RAB31,48,22
RAB32,15,1
RAB33A,37,21
RAB33B,31,5
RAB34,176,129
RAB35,59,23
RAB36,79,44
RAB37,39,11
RAB38,5,2
RAB39A,20,7
RAB39B,20,9
RAB3A,503,473
RAB3B,17,5
RAB3C,95,39
RAB3D,42,17
RAB3GAP1,296,156
RAB3GAP2,122,53
RAB3IL1,26,7
RAB3IP,103,30
RAB40A,1,1
RAB40AL,1,0
RAB40B,251,168
RAB40C,51,28
RAB42,8,1
RAB43,17,3
RAB4A,182,163
RAB4B,152,127
RAB4B-EGLN2,13,12
RAB5A,197,122
RAB5B,212,161
RAB5C,235,204
RAB5IF,98,54
RAB6A,479,347
RAB6B,250,208
RAB6C,39,1
RAB6D,43,0
RAB7A,307,246
RAB7B,22,10
RAB8A,139,106
RAB8B,108,60
RAB9A,64,31
RAB9B,28,8
RABAC1,155,128
RABEP1,339,87
RABEP2,54,39
RABEPK,248,192
RABGAP1,175,101
RABGAP1L,361,188
RABGEF1,252,163
RABGGTA,222,182
RABGGTB,399,384
RABIF,41,24
RABL2A,229,177
RABL2B,258,215
RABL3,107,57
RABL6,145,24
RAC1,138,104
RAC2,11,3
RAC3,79,62
RACGAP1,158,126
RACK1,721,648
RAD1,240,151
RAD17,118,39
RAD18,80,26
RAD21,344,165
RAD21L1,1,1
RAD23A,324,283
RAD23B,109,36
RAD50,372,213
RAD51,70,32
RAD51AP1,110,64
RAD51AP2,9,9
RAD51B,16,4
RAD51C,289,232
RAD51D,155,83
RAD52,101,39
RAD54B,73,37
RAD54L,77,42
RAD54L2,22,9
RAD9A,56,36
RAD9B,8,6
RADIL,29,10
RADX,63,13
RAE1,185,115
RAET1E,1,1
RAET1G,2,0
RAET1L,1,0
RAF1,254,185
RAI1,62,14
RAI14,156,63
RAI2,24,19
RALA,142,93
RALB,154,114
RALBP1,102,23
RALGAPA1,208,49
RALGAPA2,90,21
RALGAPB,122,24
RALGDS,194,128
RALGPS1,73,44
RALGPS2,67,25
RALY,231,180
RALYL,120,78
RAMAC,79,54
RAMACL,24,3
RAMP1,64,46
RAMP2,52,30
RAMP3,25,18
RAN,412,344
RANBP1,215,166
RANBP10,37,8
RANBP17,84,24
RANBP2,626,239
RANBP3,224,130
RANBP3L,162,64
RANBP6,23,14
RANBP9,135,74
RANGAP1,397,302
RANGRF,52,19
RAP1A,140,71
RAP1B,168,105
RAP1GAP,1015,920
RAP1GAP2,42,17
RAP1GDS1,371,212
RAP2A,45,33
RAP2B,252,4
RAP2C,62,34
RAPGEF1,71,51
RAPGEF2,198,64
RAPGEF3,135,59
RAPGEF4,449,342
RAPGEF5,118,61
RAPGEF6,62,11
RAPGEFL1,107,70
RAPH1,23,8
RAPSN,2,0
RARA,55,10
RARB,79,35
RARG,26,3
RARRES1,26,10
RARRES2,46,31
RARS1,241,120
RARS2,542,450
RASA1,269,131
RASA2,82,32
RASA3,87,51
RASA4,183,98
RASA4B,66,22
RASAL1,118,49
RASAL2,88,19
RASAL3,7,3
RASD1,18,13
RASD2,15,3
RASGEF1A,51,24
RASGEF1B,130,80
RASGEF1C,38,13
RASGRF1,66,18
RASGRF2,170,13
RASGRP1,102,33
RASGRP2,95,42
RASGRP3,80,25
RASGRP4,1,1
RASIP1,35,24
RASL10A,32,21
RASL10B,23,7
RASL11A,19,10
RASL11B,42,26
RASL12,11,1
RASSF1,55,33
RASSF10,7,0
RASSF2,107,63
RASSF3,2,1
RASSF4,185,111
RASSF5,32,5
RASSF7,32,10
RASSF8,6,1
RASSF9,3,0
RAVER1,28,14
RAVER2,66,9
RB1,113,29
RB1CC1,1290,820
RBAK,11,2
RBAK-RBAKDN,7,5
RBBP4,434,359
RBBP5,138,71
RBBP6,173,16
RBBP7,284,200
RBBP8,188,83
RBBP8NL,1,0
RBBP9,183,152
RBCK1,136,25
RBFA,105,75
RBFOX1,785,492
RBFOX2,564,360
RBFOX3,386,311
RBIS,108,51
RBKS,45,31
RBL1,55,17
RBL2,263,86
RBM10,183,119
RBM11,72,32
RBM12,66,17
RBM12B,38,8
RBM14,75,30
RBM14-RBM4,38,22
RBM15,31,4
RBM15B,146,2
RBM17,317,184
RBM18,148,95
RBM19,152,63
RBM20,1,0
RBM22,177,128
RBM23,278,207
RBM24,36,5
RBM25,477,150
RBM26,482,200
RBM27,90,30
RBM28,145,75
RBM3,498,427
RBM33,106,28
RBM34,382,317
RBM38,13,0
RBM39,1158,814
RBM4,263,203
RBM41,125,93
RBM42,99,64
RBM43,44,33
RBM44,2,0
RBM45,107,48
RBM48,154,92
RBM4B,183,115
RBM5,525,362
RBM6,472,283
RBM7,54,15
RBM8A,315,254
RBMS1,8,4
RBMS2,33,22
RBMS3,68,36
RBMX,595,467
RBMX2,87,41
RBMXL1,43,5
RBP1,70,48
RBP2,1,0
RBP4,56,38
RBP5,2,0
RBP7,12,4
RBPJ,172,44
RBPMS,36,4
RBPMS2,18,6
RBSN,155,114
RBX1,295,220
RC3H1,37,11
RC3H2,108,48
RCAN1,62,27
RCAN2,135,82
RCAN3,34,14
RCBTB1,119,75
RCBTB2,143,81
RCC1,156,99
RCC1L,80,56
RCC2,30,13
RCCD1,120,40
RCE1,49,21
RCHY1,201,111
RCL1,55,22
RCN1,95,51
RCN2,208,100
RCN3,39,13
RCOR1,29,9
RCOR2,19,2
RCOR3,269,131
RCSD1,28,3
RCVRN,18,2
RD3,1,0
RDH10,22,8
RDH11,278,231
RDH12,22,8
RDH13,18,10
RDH14,28,11
RDH16,2,0
RDH5,21,4
RDM1,13,4
RDX,276,144
REC114,1,1
REC8,399,310
RECK,70,26
RECQL,132,58
RECQL4,41,11
RECQL5,76,39
REELD1,4,2
REEP1,125,71
REEP2,158,79
REEP3,50,14
REEP4,44,28
REEP5,313,222
REEP6,39,13
REL,14,0
RELA,79,46
RELB,10,0
RELCH,175,54
RELL1,35,11
RELL2,138,89
RELN,401,321
RELT,36,4
REM1,6,1
REM2,23,10
REN,2,2
RENBP,9,2
REP15,22,0
REPIN1,20,9
REPS1,246,113
REPS2,49,6
RER1,161,104
RERE,84,33
RERG,42,25
RERGL,24,9
RESF1,129,27
RESP18,18,9
REST,29,6
RET,37,10
RETN,4,1
RETREG1,71,28
RETREG2,126,69
RETREG3,71,41
RETSAT,59,41
REV1,253,101
REV3L,207,48
REX1BD,135,79
REXO1,35,17
REXO2,119,60
REXO4,93,51
REXO5,136,100
RFC1,273,116
RFC2,206,166
RFC3,115,67
RFC4,188,146
RFC5,202,120
RFESD,51,23
RFFL,98,55
RFK,71,30
RFLNA,52,42
RFLNB,6,5
RFNG,44,21
RFPL1,7,7
RFPL2,58,43
RFT1,95,56
RFTN1,79,56
RFTN2,109,42
RFWD3,58,25
RFX1,6,3
RFX2,96,44
RFX3,88,29
RFX4,113,60
RFX5,130,95
RFX6,2,0
RFX7,13,4
RFX8,26,15
RFXANK,114,90
RFXAP,14,0
RGCC,83,42
RGL1,166,48
RGL2,51,27
RGL3,2,0
RGL4,1,1
RGMA,28,17
RGMB,62,56
RGN,117,49
RGP1,35,19
RGPD1,50,4
RGPD2,107,20
RGPD3,14,1
RGPD4,8,0
RGPD5,352,69
RGPD6,268,66
RGPD8,211,55
RGR,76,21
RGS1,16,2
RGS10,37,19
RGS11,242,176
RGS12,303,194
RGS13,1,0
RGS14,95,66
RGS16,26,17
RGS17,85,32
RGS18,9,1
RGS19,36,21
RGS2,55,33
RGS20,138,82
RGS21,8,3
RGS22,15,8
RGS3,96,44
RGS4,162,84
RGS5,144,91
RGS6,137,78
RGS7,181,97
RGS7BP,114,15
RGS8,7,7
RGS9,99,31
RGS9BP,2,0
RHAG,2,0
RHBDD1,63,24
RHBDD2,170,128
RHBDD3,92,61
RHBDF1,16,14
RHBDF2,27,7
RHBDL1,77,41
RHBDL2,30,16
RHBDL3,46,12
RHBG,1,1
RHCE,28,11
RHCG,42,23
RHD,3,1
RHEB,265,201
RHEBL1,67,52
RHEX,1,1
RHNO1,88,47
RHO,7,0
RHOA,649,589
RHOB,46,8
RHOBTB1,64,35
RHOBTB2,116,43
RHOBTB3,129,45
RHOC,74,40
RHOD,2,0
RHOF,40,14
RHOG,10,4
RHOH,6,1
RHOJ,104,52
RHOQ,60,12
RHOT1,383,189
RHOT2,223,182
RHOU,24,17
RHOV,14,9
RHOXF1,4,0
RHOXF1P3,3,3
RHOXF2,1,0
RHPN1,103,60
RHPN2,33,8
RIBC1,42,29
RIBC2,21,8
RIC1,52,6
RIC3,157,91
RIC8A,197,127
RIC8B,136,42
RICTOR,67,11
RIDA,87,62
RIF1,146,37
RIIAD1,73,41
RILP,14,8
RILPL1,76,60
RILPL2,39,21
RIMBP2,138,78
RIMBP3,15,0
RIMBP3B,6,0
RIMBP3C,3,0
RIMKLA,49,17
RIMKLB,407,188
RIMS1,161,49
RIMS2,246,77
RIMS3,53,32
RIMS4,16,9
RIN1,27,9
RIN2,83,17
RIN3,10,5
RING1,28,10
RINL,62,52
RINT1,155,80
RIOK1,347,213
RIOK2,116,65
RIOK3,162,70
RIOX1,53,11
RIOX2,118,63
RIPK1,53,19
RIPK2,107,32
RIPK3,2,0
RIPK4,1,0
RIPOR1,140,81
RIPOR2,91,43
RIPOR3,11,1
RIPPLY2,37,21
RIT1,103,44
RIT2,67,50
RITA1,70,11
RLBP1,42,25
RLF,66,26
RLIM,65,10
RLN1,7,5
RLN2,9,2
RMC1,169,107
RMDN1,185,119
RMDN2,60,24
RMDN3,191,147
RMI1,54,35
RMI2,12,4
RMND1,185,104
RMND5A,76,6
RMND5B,206,110
RNASE1,25,17
RNASE2,1,0
RNASE3,2,0
RNASE4,20,8
RNASE6,8,3
RNASEH1,69,40
RNASEH2A,111,79
RNASEH2B,317,212
RNASEH2C,74,36
RNASEK,140,113
RNASEK-C17orf49,29,26
RNASEL,29,2
RNASET2,167,102
RND1,74,56
RND2,52,37
RND3,185,170
RNF10,476,335
RNF103,33,22
RNF103-CHMP3,40,28
RNF11,240,191
RNF111,198,58
RNF112,68,39
RNF113A,33,16
RNF114,105,48
RNF115,178,141
RNF121,99,44
RNF122,52,32
RNF123,216,142
RNF125,13,7
RNF126,94,61
RNF128,27,4
RNF13,252,160
RNF130,163,91
RNF135,23,10
RNF138,250,197
RNF139,24,10
RNF14,368,245
RNF141,146,67
RNF144A,81,57
RNF144B,15,1
RNF145,65,25
RNF146,205,112
RNF149,89,45
RNF150,15,2
RNF152,5,5
RNF157,89,39
RNF165,40,25
RNF166,21,9
RNF167,294,237
RNF168,84,18
RNF169,6,1
RNF170,99,49
RNF175,200,158
RNF180,130,25
RNF181,147,103
RNF182,70,25
RNF185,140,125
RNF187,79,63
RNF19A,146,60
RNF19B,158,116
RNF2,169,77
RNF20,354,238
RNF207,18,2
RNF208,5,5
RNF212,108,102
RNF213,150,36
RNF214,242,97
RNF215,61,50
RNF216,121,96
RNF217,12,4
RNF220,142,118
RNF227,21,5
RNF24,129,83
RNF25,82,55
RNF26,56,10
RNF31,117,48
RNF32,65,42
RNF34,134,82
RNF38,66,33
RNF4,159,140
RNF40,276,181
RNF41,111,66
RNF43,17,5
RNF44,20,5
RNF5,73,65
RNF6,126,58
RNF7,172,107
RNF8,191,114
RNFT1,83,31
RNFT2,70,52
RNGTT,139,53
RNH1,154,121
RNLS,21,12
RNMT,114,35
RNPC3,213,119
RNPEP,117,67
RNPEPL1,52,16
RNPS1,373,298
RO60,143,44
ROBO1,225,100
ROBO2,326,166
ROBO3,154,113
ROBO4,32,7
ROCK1,246,39
ROCK2,229,77
ROGDI,297,265
ROM1,37,7
ROMO1,44,27
ROPN1,3,0
ROPN1B,19,0
ROPN1L,27,11
ROR1,5,0
ROR2,9,0
RORA,25,7
RORB,106,20
ROS1,10,1
RP1,4,1
RP2,29,2
RP9,42,28
RPA1,153,105
RPA2,176,152
RPA3,69,32
RPA4,1,0
RPAIN,382,209
RPAP1,84,41
RPAP2,375,251
RPAP3,193,63
RPE,229,112
RPE65,13,7
RPEL1,6,0
RPF1,114,62
RPF2,136,79
RPGR,123,51
RPGRIP1,2,0
RPGRIP1L,205,81
RPH3A,233,189
RPH3AL,26,13
RPIA,70,39
RPL10,1205,1136
RPL10A,446,380
RPL11,479,419
RPL12,339,290
RPL13,863,746
RPL13A,767,669
RPL14,576,519
RPL15,1222,1117
RPL17,519,459
RPL17-C18orf32,109,92
RPL18,460,419
RPL18A,280,240
RPL19,457,392
RPL21,213,122
RPL22,512,454
RPL22L1,67,51
RPL23,332,279
RPL23A,245,207
RPL24,409,357
RPL26,311,274
RPL26L1,63,32
RPL27,297,239
RPL27A,411,347
RPL28,368,289
RPL29,232,206
RPL3,1365,1304
RPL30,565,505
RPL31,483,376
RPL32,363,320
RPL34,484,453
RPL35,226,209
RPL35A,408,350
RPL36,210,177
RPL36A,171,132
RPL36A-HNRNPH2,11,7
RPL36AL,45,40
RPL37,298,261
RPL37A,714,661
RPL38,430,394
RPL39,131,115
RPL39L,25,19
RPL4,1456,1357
RPL41,231,194
RPL5,812,662
RPL6,610,545
RPL7,486,414
RPL7A,476,404
RPL7L1,589,505
RPL8,817,780
RPL9,559,485
RPLP0,779,712
RPLP1,381,336
RPLP2,430,393
RPN1,278,238
RPN2,509,429
RPP14,112,83
RPP21,50,24
RPP25,30,2
RPP25L,9,6
RPP30,260,194
RPP38,65,35
RPP40,70,40
RPRD1A,222,135
RPRD1B,86,52
RPRD2,47,20
RPRM,70,55
RPRML,10,3
RPS10,221,185
RPS10-NUDT3,41,14
RPS11,373,326
RPS12,419,364
RPS13,397,359
RPS14,442,385
RPS15,189,146
RPS15A,511,437
RPS16,341,298
RPS17,166,142
RPS18,153,124
RPS19,648,596
RPS19BP1,64,45
RPS2,688,629
RPS20,598,542
RPS21,389,356
RPS23,280,227
RPS24,547,475
RPS25,389,350
RPS26,71,28
RPS27,214,190
RPS27A,454,429
RPS27L,100,53
RPS28,125,90
RPS29,186,159
RPS3,893,804
RPS3A,460,398
RPS4X,706,640
RPS4Y1,203,109
RPS5,309,267
RPS6,958,902
RPS6KA1,43,6
RPS6KA2,77,17
RPS6KA3,70,13
RPS6KA4,60,18
RPS6KA5,58,6
RPS6KA6,27,3
RPS6KB1,93,39
RPS6KB2,166,130
RPS6KC1,252,108
RPS6KL1,111,79
RPS7,240,204
RPS8,713,631
RPS9,81,55
RPSA,490,410
RPTOR,80,11
RPUSD1,36,18
RPUSD2,36,6
RPUSD3,174,117
RPUSD4,111,72
RRAD,7,2
RRAGA,69,44
RRAGB,242,149
RRAGC,42,24
RRAGD,85,37
RRAS,23,14
RRAS2,42,11
RRBP1,97,38
RREB1,3,1
RRH,2,0
RRM1,257,173
RRM2,159,59
RRM2B,68,12
RRN3,115,62
RRP1,132,99
RRP12,85,40
RRP15,64,32
RRP1B,108,71
RRP36,98,50
RRP7A,115,82
RRP8,83,49
RRP9,94,78
RRS1,33,1
RS1,3,0
RSAD1,102,52
RSAD2,30,11
RSBN1,46,8
RSBN1L,149,50
RSC1A1,40,0
RSF1,416,124
RSKR,45,42
RSL1D1,311,249
RSL24D1,217,156
RSPH1,84,64
RSPH10B,10,3
RSPH10B2,2,2
RSPH14,41,27
RSPH3,73,39
RSPH4A,28,8
RSPH9,77,43
RSPO1,1,0
RSPO2,76,45
RSPO3,93,31
RSPRY1,211,104
RSRC1,238,116
RSRC2,630,446
RSRP1,212,132
RSU1,192,119
RTBDN,59,40
RTCA,224,143
RTCB,142,101
RTEL1,26,14
RTEL1-TNFRSF6B,34,25
RTF1,219,166
RTF2,219,162
RTKN,119,83
RTKN2,104,36
RTL10,39,11
RTL5,12,7
RTL6,19,13
RTL8A,51,46
RTL8B,70,11
RTL8C,255,254
RTL9,8,0
RTN1,1010,918
RTN2,77,38
RTN3,1264,1079
RTN4,3256,3031
RTN4IP1,66,43
RTN4R,30,24
RTN4RL2,8,0
RTP1,6,0
RTP4,6,0
RTP5,1,0
RTRAF,193,150
RTTN,74,16
RUBCN,139,87
RUBCNL,43,9
RUFY1,232,138
RUFY2,371,180
RUFY3,406,227
RUNDC1,37,21
RUNDC3A,455,389
RUNDC3B,98,36
RUNX1,1,1
RUNX1T1,319,95
RUNX2,2,2
RUSC1,218,99
RUSC2,145,61
RUSF1,119,99
RUVBL1,213,172
RUVBL2,297,225
RWDD1,156,107
RWDD2A,82,46
RWDD2B,113,43
RWDD3,182,119
RWDD4,104,80
RXFP1,79,22
RXFP2,3,1
RXRA,59,27
RXRB,44,21
RXRG,47,10
RXYLT1,127,45
RYBP,47,23
RYK,102,26
RYR1,50,19
RYR2,317,38
RYR3,202,56
S100A1,14,6
S100A10,11,6
S100A11,20,17
S100A12,3,1
S100A13,42,25
S100A14,4,0
S100A16,29,21
S100A2,6,2
S100A3,1,0
S100A4,12,4
S100A5,6,0
S100A6,53,41
S100A8,14,8
S100A9,6,1
S100B,138,111
S100P,3,0
S100PBP,116,48
S100Z,2,0
S1PR1,76,26
S1PR2,3,0
S1PR3,18,7
S1PR5,4,0
SAAL1,146,128
SAC3D1,27,4
SACM1L,187,86
SACS,148,41
SAE1,396,345
SAFB,446,281
SAFB2,274,160
SAG,2,2
SALL1,54,14
SALL2,47,28
SALL3,3,0
SALL4,4,0
SAMD1,32,18
SAMD10,31,21
SAMD11,3,0
SAMD12,55,11
SAMD13,36,13
SAMD14,65,40
SAMD15,26,16
SAMD3,24,11
SAMD4A,4,2
SAMD4B,120,32
SAMD5,1,1
SAMD8,68,29
SAMD9L,15,3
SAMHD1,114,41
SAMM50,166,102
SAMSN1,15,3
SAP130,85,32
SAP18,298,254
SAP25,14,1
SAP30,28,12
SAP30BP,437,310
SAP30L,38,3
SAPCD1,5,0
SAPCD2,7,6
SAR1A,180,126
SAR1B,126,83
SARAF,583,479
SARDH,43,21
SARM1,69,18
SARNP,466,397
SARS1,431,355
SARS2,141,132
SART1,179,73
SART3,151,52
SASH1,42,5
SASH3,3,1
SASS6,60,27
SAT1,235,175
SAT2,238,190
SATB1,95,32
SATB2,209,83
SATL1,66,47
SAV1,51,14
SAXO2,30,17
SAYSD1,79,23
SBDS,150,97
SBF1,112,51
SBF2,129,22
SBK1,74,74
SBNO1,167,37
SBSPON,1,0
SC5D,208,128
SCAF1,67,28
SCAF11,154,63
SCAF4,73,11
SCAF8,146,82
SCAI,114,69
SCAMP1,194,115
SCAMP2,102,67
SCAMP3,146,128
SCAMP4,42,24
SCAMP5,149,125
SCAND1,35,32
SCAP,112,68
SCAPER,698,493
SCARA3,84,31
SCARA5,1,0
SCARB1,88,43
SCARB2,179,45
SCARF1,11,1
SCART1,2,0
SCCPDH,220,153
SCD,128,67
SCD5,686,627
SCEL,1,1
SCFD1,455,228
SCFD2,44,26
SCG2,222,201
SCG3,636,481
SCG5,147,100
SCGB1A1,2,0
SCGB1D1,1,0
SCGB1D2,4,0
SCGB2A1,1,0
SCGB2B2,4,3
SCGB3A1,5,0
SCGB3A2,1,0
SCGN,47,28
SCHIP1,219,152
SCIMP,7,3
SCIN,19,6
SCLT1,215,78
SCLY,79,28
SCMH1,195,145
SCML1,65,25
SCML2,90,43
SCML4,7,4
SCN11A,9,7
SCN1A,327,202
SCN1B,84,58
SCN2A,721,467
SCN2B,30,17
SCN3A,244,157
SCN3B,147,42
SCN4B,38,19
SCN5A,3,0
SCN7A,4,2
SCN8A,184,91
SCN9A,56,27
SCNM1,196,159
SCNN1B,1,0
SCNN1D,33,8
SCNN1G,4,2
SCO1,64,40
SCO2,17,12
SCOC,400,359
SCP2,384,259
SCPEP1,135,76
SCRG1,79,56
SCRIB,51,26
SCRN1,143,85
SCRN2,177,142
SCRN3,210,102
SCRT1,1,1
SCRT2,2,2
SCTR,6,0
SCUBE1,30,21
SCUBE2,16,2
SCUBE3,12,2
SCX,2,0
SCYGR4,1,0
SCYL1,255,157
SCYL2,174,86
SCYL3,77,40
SDAD1,259,147
SDC1,21,3
SDC2,107,43
SDC3,57,49
SDC4,43,30
SDCBP,314,243
SDCBP2,55,29
SDCCAG8,309,225
SDE2,82,49
SDF2,62,33
SDF2L1,14,6
SDF4,49,22
SDHA,312,236
SDHAF1,24,5
SDHAF2,167,125
SDHAF3,37,36
SDHAF4,187,176
SDHB,103,73
SDHC,104,66
SDHD,89,78
SDK1,52,10
SDK2,13,2
SDR16C5,71,30
SDR39U1,202,153
SDR42E1,5,1
SDS,20,10
SDSL,34,17
SEC11A,169,99
SEC11C,207,148
SEC13,221,175
SEC14L1,408,282
SEC14L2,164,89
SEC14L3,1,0
SEC14L5,19,6
SEC14L6,6,5
SEC16A,230,114
SEC16B,44,25
SEC22A,152,72
SEC22B,174,113
SEC22C,95,59
SEC23A,164,100
SEC23B,217,107
SEC23IP,177,67
SEC24A,54,9
SEC24B,135,44
SEC24C,239,142
SEC24D,50,17
SEC31A,409,194
SEC31B,45,21
SEC61A1,124,74
SEC61A2,176,85
SEC61B,102,70
SEC61G,57,38
SEC62,335,227
SEC63,301,119
SECISBP2,340,193
SECISBP2L,219,72
SECTM1,2,0
SEH1L,191,89
SEL1L,73,25
SEL1L2,7,2
SEL1L3,96,19
SELE,5,2
SELENBP1,310,273
SELENOF,246,198
SELENOH,124,86
SELENOI,47,24
SELENOK,136,92
SELENOM,91,75
SELENON,33,9
SELENOO,81,37
SELENOP,143,101
SELENOS,78,45
SELENOT,163,99
SELENOW,469,398
SELL,6,3
SELP,1,0
SELPLG,8,6
SEM1,161,114
SEMA3A,141,28
SEMA3B,98,60
SEMA3C,88,28
SEMA3D,7,4
SEMA3E,76,16
SEMA3F,15,2
SEMA3G,3,1
SEMA4A,156,100
SEMA4B,76,24
SEMA4C,39,22
SEMA4D,228,125
SEMA4F,95,37
SEMA4G,45,28
SEMA5A,24,6
SEMA5B,84,52
SEMA6A,149,82
SEMA6B,3,2
SEMA6C,12,10
SEMA6D,69,49
SEMA7A,11,4
SENP1,107,36
SENP2,203,144
SENP3,27,17
SENP3-EIF4A1,3,3
SENP5,128,33
SENP6,396,168
SENP7,255,88
SENP8,18,5
SEPHS1,143,73
SEPHS2,21,9
SEPSECS,46,6
SEPTIN1,6,1
SEPTIN10,189,149
SEPTIN11,457,233
SEPTIN12,2,1
SEPTIN2,873,691
SEPTIN3,397,330
SEPTIN4,3232,3105
SEPTIN5,323,273
SEPTIN6,210,126
SEPTIN7,1592,1362
SEPTIN8,325,242
SEPTIN9,122,76
SERAC1,124,42
SERBP1,411,173
SERF1A,93,63
SERF1B,92,65
SERF2,202,142
SERGEF,424,372
SERHL2,43,36
SERINC1,649,551
SERINC2,89,58
SERINC3,447,332
SERINC4,5,4
SERINC5,38,13
SERP1,138,78
SERP2,106,86
SERPINA1,16,1
SERPINA11,6,4
SERPINA3,24,5
SERPINA5,1,0
SERPINB1,57,17
SERPINB2,2,0
SERPINB6,110,100
SERPINB7,1,0
SERPINB8,41,12
SERPINB9,26,8
SERPINC1,2,0
SERPIND1,11,2
SERPINE1,12,3
SERPINE2,270,204
SERPINF1,110,86
SERPINF2,2,0
SERPING1,157,90
SERPINH1,40,16
SERPINI1,479,381
SERPINI2,12,6
SERTAD1,4,2
SERTAD2,15,3
SERTAD3,22,16
SERTAD4,22,5
SERTM1,29,13
SESN1,71,31
SESN2,48,8
SESN3,48,3
SESTD1,160,52
SET,804,652
SETBP1,35,10
SETD1A,57,20
SETD1B,26,9
SETD2,195,99
SETD3,228,127
SETD4,301,225
SETD5,126,29
SETD6,192,113
SETD7,83,7
SETD9,76,34
SETDB1,237,129
SETDB2,107,48
SETMAR,72,28
SETSIP,6,1
SETX,100,26
SEZ6,193,151
SEZ6L,200,72
SEZ6L2,1000,859
SF1,221,137
SF3A1,160,88
SF3A2,108,76
SF3A3,286,197
SF3B1,439,230
SF3B2,717,559
SF3B3,262,127
SF3B4,111,96
SF3B5,37,19
SF3B6,89,69
SFI1,121,37
SFMBT1,101,31
SFMBT2,9,0
SFN,9,0
SFPQ,728,479
SFR1,85,19
SFRP1,23,5
SFRP2,20,5
SFRP4,18,2
SFRP5,5,0
SFSWAP,215,102
SFT2D1,376,332
SFT2D2,69,59
SFT2D3,83,1
SFTA3,35,14
SFTPA2,1,0
SFTPC,52,44
SFTPD,17,10
SFXN1,518,415
SFXN2,25,18
SFXN3,254,206
SFXN4,284,251
SFXN5,341,278
SGCA,3,2
SGCB,217,139
SGCD,81,19
SGCE,237,194
SGCG,18,9
SGCZ,1,1
SGF29,109,81
SGIP1,367,170
SGK1,130,90
SGK2,47,40
SGK3,69,28
SGMS1,95,32
SGMS2,2,1
SGO1,119,61
SGO2,90,32
SGPL1,69,23
SGPP1,21,12
SGPP2,30,21
SGSH,38,27
SGSM1,66,13
SGSM2,159,56
SGSM3,544,452
SGTA,140,95
SGTB,212,150
SH2B1,154,68
SH2B2,2,2
SH2B3,13,7
SH2D1B,7,7
SH2D2A,15,7
SH2D3A,1,0
SH2D3C,79,51
SH2D4A,30,13
SH2D4B,5,2
SH2D5,27,12
SH2D6,18,16
SH3BGR,127,83
SH3BGRL,278,234
SH3BGRL2,54,13
SH3BGRL3,111,89
SH3BP1,20,8
SH3BP2,72,28
SH3BP4,51,2
SH3BP5,142,97
SH3BP5L,24,10
SH3D19,46,12
SH3D21,24,15
SH3GL1,56,26
SH3GL2,293,222
SH3GL3,228,136
SH3GLB1,249,128
SH3GLB2,182,139
SH3KBP1,200,115
SH3PXD2A,18,7
SH3PXD2B,4,0
SH3RF1,86,26
SH3RF2,15,2
SH3RF3,42,6
SH3TC1,17,0
SH3TC2,16,4
SH3YL1,327,237
SHANK1,44,24
SHANK2,54,17
SHANK3,52,52
SHARPIN,182,152
SHB,31,9
SHBG,24,12
SHC1,86,54
SHC2,55,18
SHC3,44,28
SHC4,35,10
SHCBP1,48,27
SHCBP1L,3,1
SHD,54,17
SHE,2,2
SHF,83,43
SHFL,106,54
SHH,2,2
SHISA2,17,6
SHISA3,10,0
SHISA4,122,83
SHISA5,197,169
SHISA6,7,1
SHISA9,20,7
SHISAL1,12,7
SHISAL2A,7,5
SHISAL2B,9,1
SHKBP1,96,57
SHLD1,57,41
SHLD2,127,51
SHLD3,20,8
SHMT1,131,74
SHMT2,202,144
SHOC2,91,36
SHPK,29,8
SHPRH,139,38
SHQ1,64,32
SHROOM1,22,7
SHROOM2,82,15
SHROOM3,91,16
SHROOM4,3,2
SHTN1,539,274
SIAE,94,63
SIAH1,56,35
SIAH2,9,2
SIAH3,9,1
SIDT1,45,28
SIDT2,104,55
SIGIRR,43,25
SIGLEC10,19,3
SIGLEC14,8,4
SIGLEC5,1,0
SIGLEC7,6,2
SIGLEC8,13,3
SIGLEC9,11,0
SIGMAR1,54,31
SIK1,2,0
SIK2,89,38
SIK3,82,41
SIKE1,87,30
SIL1,102,71
SIMC1,91,21
SIN3A,126,29
SIN3B,93,11
SINHCAF,69,41
SIPA1,29,9
SIPA1L1,339,106
SIPA1L2,152,47
SIPA1L3,7,1
SIRPA,237,147
SIRPB1,1,1
SIRPB2,3,0
SIRT1,60,11
SIRT2,349,310
SIRT3,244,168
SIRT4,45,23
SIRT5,222,102
SIRT6,71,45
SIRT7,67,38
SIT1,2,0
SIVA1,51,32
SIX1,2,0
SIX3,17,9
SIX4,1,0
SIX5,11,0
SIX6,4,0
SKA1,37,23
SKA2,320,173
SKA3,118,61
SKAP1,6,3
SKAP2,96,42
SKI,8,2
SKIDA1,16,12
SKIL,92,10
SKOR1,4,0
SKP1,914,806
SKP2,95,39
SLA,264,158
SLAIN1,130,56
SLAIN2,89,5
SLAMF7,1,0
SLBP,105,51
SLC10A1,1,1
SLC10A3,15,6
SLC10A4,42,3
SLC10A5,16,0
SLC10A7,56,22
SLC11A1,12,5
SLC11A2,188,140
SLC12A1,4,0
SLC12A2,70,11
SLC12A4,46,21
SLC12A5,97,66
SLC12A6,149,125
SLC12A7,25,8
SLC12A8,85,63
SLC12A9,48,18
SLC13A3,69,18
SLC13A4,7,1
SLC13A5,46,23
SLC14A1,79,15
SLC14A2,1,0
SLC15A2,95,25
SLC15A3,21,2
SLC15A4,41,6
SLC15A5,4,4
SLC16A1,71,22
SLC16A10,10,0
SLC16A11,15,0
SLC16A12,5,4
SLC16A13,8,3
SLC16A14,70,38
SLC16A2,46,9
SLC16A3,24,0
SLC16A4,30,7
SLC16A5,3,0
SLC16A6,10,1
SLC16A7,30,2
SLC16A8,11,6
SLC16A9,67,28
SLC17A5,79,53
SLC17A6,90,15
SLC17A7,213,134
SLC17A8,20,8
SLC17A9,14,9
SLC18A1,1,0
SLC18A2,4,1
SLC18A3,4,0
SLC18B1,115,68
SLC19A1,48,34
SLC19A2,129,58
SLC19A3,13,0
SLC1A1,115,22
SLC1A2,422,230
SLC1A3,554,367
SLC1A4,109,30
SLC1A5,24,5
SLC1A6,55,24
SLC1A7,5,3
SLC20A1,213,134
SLC20A2,124,55
SLC22A10,4,1
SLC22A11,1,1
SLC22A14,5,1
SLC22A15,42,10
SLC22A16,1,0
SLC22A17,416,327
SLC22A18,58,30
SLC22A2,2,1
SLC22A23,54,6
SLC22A25,1,1
SLC22A3,6,0
SLC22A4,50,24
SLC22A5,63,26
SLC22A6,18,4
SLC22A7,1,0
SLC22A8,2,0
SLC23A2,93,29
SLC24A1,18,12
SLC24A2,77,46
SLC24A3,31,0
SLC24A4,25,1
SLC24A5,1,1
SLC25A1,63,47
SLC25A10,47,28
SLC25A11,186,132
SLC25A12,322,209
SLC25A13,81,42
SLC25A14,166,98
SLC25A15,87,69
SLC25A16,74,36
SLC25A17,226,176
SLC25A18,256,188
SLC25A19,74,47
SLC25A2,1,0
SLC25A20,55,40
SLC25A21,16,5
SLC25A22,97,84
SLC25A23,239,190
SLC25A24,64,21
SLC25A25,96,25
SLC25A26,211,162
SLC25A27,258,191
SLC25A28,42,22
SLC25A29,29,12
SLC25A3,548,430
SLC25A30,32,14
SLC25A31,1,0
SLC25A32,143,55
SLC25A33,56,23
SLC25A34,6,1
SLC25A35,12,6
SLC25A36,158,56
SLC25A37,93,60
SLC25A38,98,55
SLC25A39,257,196
SLC25A4,265,230
SLC25A40,214,143
SLC25A41,13,5
SLC25A42,58,38
SLC25A43,29,13
SLC25A44,58,32
SLC25A45,15,12
SLC25A46,108,37
SLC25A48,113,78
SLC25A5,204,175
SLC25A51,365,338
SLC25A52,2,0
SLC25A53,43,23
SLC25A6,358,311
SLC26A1,6,6
SLC26A11,87,44
SLC26A2,7,3
SLC26A4,26,5
SLC26A5,4,4
SLC26A6,53,31
SLC26A7,3,0
SLC26A8,38,10
SLC26A9,4,0
SLC27A1,85,50
SLC27A2,31,2
SLC27A3,72,26
SLC27A4,122,59
SLC27A5,50,39
SLC27A6,6,2
SLC28A1,2,0
SLC28A3,1,0
SLC29A1,152,111
SLC29A2,79,47
SLC29A3,42,14
SLC29A4,57,28
SLC2A1,73,29
SLC2A10,29,10
SLC2A11,66,23
SLC2A12,40,6
SLC2A13,28,4
SLC2A3,92,46
SLC2A4,11,0
SLC2A4RG,39,7
SLC2A5,41,14
SLC2A6,98,82
SLC2A8,141,73
SLC2A9,22,15
SLC30A1,15,0
SLC30A10,36,5
SLC30A3,101,61
SLC30A4,39,9
SLC30A5,200,77
SLC30A6,51,24
SLC30A7,35,17
SLC30A9,1146,888
SLC31A1,54,24
SLC31A2,49,30
SLC32A1,18,4
SLC33A1,144,75
SLC35A1,243,177
SLC35A2,35,13
SLC35A3,77,29
SLC35A4,32,14
SLC35A5,99,55
SLC35B1,200,142
SLC35B2,51,30
SLC35B3,204,140
SLC35B4,72,59
SLC35C1,55,10
SLC35C2,301,207
SLC35D1,30,14
SLC35D2,15,3
SLC35D3,1,0
SLC35E1,75,53
SLC35E2B,214,158
SLC35E3,96,55
SLC35E4,28,5
SLC35F1,26,8
SLC35F2,40,17
SLC35F3,57,25
SLC35F4,16,3
SLC35F5,181,108
SLC35F6,78,51
SLC35G1,36,25
SLC35G2,36,16
SLC35G3,1,0
SLC35G4,1,0
SLC35G5,3,0
SLC36A1,37,26
SLC36A4,202,127
SLC37A1,108,52
SLC37A2,5,0
SLC37A3,162,115
SLC37A4,146,88
SLC38A1,163,43
SLC38A10,45,23
SLC38A11,17,14
SLC38A2,141,62
SLC38A3,121,82
SLC38A5,139,117
SLC38A6,207,142
SLC38A7,25,6
SLC38A8,23,16
SLC38A9,128,86
SLC39A1,55,38
SLC39A10,190,75
SLC39A11,70,44
SLC39A12,114,37
SLC39A13,140,93
SLC39A14,50,20
SLC39A2,3,0
SLC39A3,44,35
SLC39A4,40,14
SLC39A6,172,104
SLC39A7,42,12
SLC39A8,79,14
SLC39A9,91,33
SLC3A1,1,0
SLC3A2,301,205
SLC40A1,53,21
SLC41A1,67,34
SLC41A2,53,21
SLC41A3,252,155
SLC43A1,32,12
SLC43A2,58,50
SLC43A3,71,46
SLC44A1,126,41
SLC44A2,323,186
SLC44A3,55,21
SLC44A5,22,3
SLC45A1,85,45
SLC45A2,1,0
SLC45A3,17,9
SLC45A4,5,0
SLC46A1,47,18
SLC46A2,9,0
SLC46A3,57,19
SLC47A1,15,8
SLC47A2,4,2
SLC48A1,90,58
SLC49A3,15,10
SLC49A4,65,8
SLC4A1,7,2
SLC4A10,826,416
SLC4A11,22,5
SLC4A1AP,310,233
SLC4A2,75,19
SLC4A3,198,118
SLC4A4,124,55
SLC4A5,6,1
SLC4A7,75,17
SLC4A8,194,65
SLC4A9,2,2
SLC50A1,85,44
SLC51A,7,7
SLC51B,6,3
SLC52A1,1,0
SLC52A2,80,32
SLC52A3,15,3
SLC5A11,62,30
SLC5A2,11,4
SLC5A3,15,7
SLC5A4,1,1
SLC5A6,150,126
SLC5A7,6,2
SLC5A8,3,2
SLC5A9,1,0
SLC66A1,77,38
SLC66A2,68,32
SLC66A3,66,26
SLC6A1,115,45
SLC6A11,103,45
SLC6A12,63,35
SLC6A13,31,14
SLC6A15,200,64
SLC6A16,4,1
SLC6A17,78,47
SLC6A20,6,0
SLC6A4,2,0
SLC6A6,19,12
SLC6A7,63,23
SLC6A8,86,24
SLC6A9,69,53
SLC7A1,27,13
SLC7A10,50,22
SLC7A11,36,3
SLC7A14,33,17
SLC7A3,27,5
SLC7A4,30,11
SLC7A5,24,6
SLC7A6,56,17
SLC7A6OS,91,49
SLC7A7,22,3
SLC7A8,52,21
SLC7A9,14,1
SLC8A1,78,43
SLC8A2,69,41
SLC8A3,49,17
SLC8B1,48,21
SLC9A1,38,8
SLC9A2,1,0
SLC9A4,5,4
SLC9A5,53,27
SLC9A6,165,117
SLC9A7,22,15
SLC9A8,52,22
SLC9A9,107,71
SLC9B1,23,14
SLC9B2,270,128
SLC9C2,6,6
SLCO1A2,76,37
SLCO1C1,253,119
SLCO2A1,21,1
SLCO2B1,111,23
SLCO3A1,99,36
SLCO4A1,94,35
SLCO4C1,3,0
SLCO5A1,47,14
SLCO6A1,3,1
SLF1,364,170
SLF2,342,118
SLFN11,6,1
SLFN12,10,2
SLFN12L,1,1
SLFN13,1,0
SLFN5,12,0
SLFNL1,1,0
SLIRP,177,137
SLIT1,138,53
SLIT2,79,6
SLIT3,51,6
SLITRK1,11,9
SLITRK2,70,51
SLITRK3,26,3
SLITRK4,22,4
SLITRK5,38,19
SLITRK6,6,0
SLK,176,14
SLMAP,164,39
SLN,26,14
SLPI,11,8
SLTM,579,352
SLU7,240,136
SLURP2,3,0
SLX1A,84,35
SLX1B,76,28
SLX4,32,7
SLX4IP,20,13
SMAD1,57,20
SMAD2,209,94
SMAD3,49,13
SMAD4,121,47
SMAD5,70,6
SMAD6,5,1
SMAD7,14,3
SMAD9,69,30
SMAGP,12,3
SMAP1,250,167
SMAP2,183,113
SMARCA1,514,294
SMARCA2,563,191
SMARCA4,435,79
SMARCA5,450,125
SMARCAD1,258,86
SMARCAL1,160,118
SMARCB1,147,87
SMARCC1,257,78
SMARCC2,480,167
SMARCD1,108,56
SMARCD2,37,14
SMARCD3,253,211
SMARCE1,1258,785
SMC1A,235,133
SMC1B,1,1
SMC2,369,126
SMC3,518,334
SMC4,347,108
SMC5,245,122
SMC6,191,46
SMCHD1,199,26
SMCO2,4,2
SMCO4,34,23
SMCR8,7,0
SMDT1,55,38
SMG1,124,15
SMG5,125,95
SMG6,82,37
SMG7,118,33
SMG8,67,16
SMG9,93,53
SMIM1,14,1
SMIM10,30,2
SMIM10L1,117,3
SMIM10L2A,18,2
SMIM10L2B,10,7
SMIM12,47,33
SMIM13,16,7
SMIM14,284,233
SMIM15,116,76
SMIM17,36,17
SMIM18,44,27
SMIM19,107,37
SMIM20,64,39
SMIM24,19,6
SMIM26,52,45
SMIM27,29,16
SMIM29,151,112
SMIM3,13,4
SMIM30,27,7
SMIM32,16,0
SMIM38,3,0
SMIM41,1,0
SMIM43,84,66
SMIM5,9,3
SMIM6,8,1
SMIM7,365,247
SMIM8,226,141
SMKR1,16,5
SMN1,104,56
SMN2,99,43
SMNDC1,199,145
SMO,36,6
SMOC1,10,2
SMOC2,26,9
SMOX,106,49
SMPD1,88,30
SMPD2,60,39
SMPD3,31,7
SMPD4,105,56
SMPDL3A,117,79
SMPDL3B,7,2
SMPX,12,0
SMS,368,325
SMTN,98,28
SMTNL2,11,4
SMU1,244,129
SMUG1,191,133
SMURF1,74,43
SMURF2,499,295
SMYD1,1,1
SMYD2,141,109
SMYD3,65,40
SMYD4,60,27
SMYD5,100,62
SNAI1,5,0
SNAI2,17,3
SNAI3,10,8
SNAP23,127,85
SNAP25,2847,2691
SNAP29,66,21
SNAP47,221,140
SNAP91,1107,849
SNAPC1,78,27
SNAPC2,39,21
SNAPC3,359,206
SNAPC4,42,12
SNAPC5,74,22
SNAPIN,124,94
SNCA,1303,1093
SNCAIP,264,158
SNCB,374,330
SNCG,202,171
SND1,434,302
SNED1,40,17
SNF8,143,73
SNHG32,104,59
SNIP1,39,14
SNN,58,53
SNORC,38,17
SNPH,34,16
SNRK,73,24
SNRNP200,362,228
SNRNP25,94,51
SNRNP27,290,215
SNRNP35,115,85
SNRNP40,122,82
SNRNP48,82,18
SNRNP70,290,115
SNRPA,75,50
SNRPA1,201,145
SNRPB,189,147
SNRPB2,238,167
SNRPC,122,89
SNRPD1,207,168
SNRPD2,104,82
SNRPD3,464,430
SNRPE,170,125
SNRPF,107,69
SNRPG,150,113
SNRPN,928,833
SNTA1,81,57
SNTB1,8,0
SNTB2,13,9
SNTG1,276,112
SNTG2,13,5
SNTN,2,1
SNU13,144,113
SNUPN,89,63
SNURF,100,71
SNW1,248,162
SNX1,237,175
SNX10,222,166
SNX11,89,61
SNX12,34,21
SNX13,150,60
SNX14,282,146
SNX15,77,51
SNX16,101,34
SNX17,309,228
SNX18,19,3
SNX19,132,63
SNX2,371,315
SNX20,2,0
SNX21,93,89
SNX22,60,54
SNX24,53,30
SNX25,69,18
SNX27,131,31
SNX29,40,20
SNX3,336,281
SNX30,9,0
SNX31,2,2
SNX32,272,234
SNX33,32,1
SNX4,245,189
SNX5,286,190
SNX6,510,394
SNX7,217,138
SNX8,49,34
SNX9,99,19
SOAT1,119,65
SOBP,120,77
SOCS1,1,0
SOCS2,76,24
SOCS3,4,0
SOCS4,32,6
SOCS5,44,7
SOCS6,29,14
SOCS7,6,1
SOD1,328,284
SOD2,364,304
SOD3,2,1
SOGA1,17,9
SOGA3,107,40
SOHLH1,47,33
SOHLH2,12,1
SON,744,355
SORBS1,155,63
SORBS2,233,120
SORBS3,103,50
SORCS1,35,15
SORCS2,33,20
SORCS3,47,3
SORD,92,52
SORL1,183,60
SORT1,141,31
SOS1,110,23
SOS2,101,13
SOSTDC1,29,4
SOWAHA,44,2
SOWAHB,58,2
SOWAHC,90,6
SOWAHD,7,0
SOX1,97,3
SOX10,6,0
SOX11,297,93
SOX12,85,3
SOX13,27,5
SOX14,7,0
SOX15,19,17
SOX17,3,0
SOX2,167,128
SOX21,21,0
SOX3,7,2
SOX30,7,7
SOX4,379,294
SOX5,300,117
SOX6,29,13
SOX7,4,0
SOX8,17,1
SOX9,141,139
SP1,22,5
SP100,53,20
SP110,73,26
SP140,6,3
SP140L,14,4
SP2,72,36
SP3,172,69
SP4,113,17
SP8,4,3
SP9,2,2
SPA17,62,35
SPAAR,5,0
SPACA5,4,3
SPACA6,78,46
SPACA9,73,42
SPAG1,52,21
SPAG16,161,98
SPAG17,8,2
SPAG4,42,21
SPAG5,124,87
SPAG6,48,25
SPAG7,133,103
SPAG8,77,51
SPAG9,536,312
SPARC,265,222
SPARCL1,1177,1029
SPART,256,108
SPAST,160,36
SPATA1,9,5
SPATA13,38,14
SPATA16,1,1
SPATA17,42,30
SPATA18,26,15
SPATA2,38,26
SPATA20,195,130
SPATA22,6,4
SPATA24,29,10
SPATA2L,22,11
SPATA31C1,4,0
SPATA33,71,33
SPATA4,11,5
SPATA48,3,0
SPATA5,56,24
SPATA5L1,59,15
SPATA6,60,18
SPATA6L,25,20
SPATA7,210,139
SPATC1L,29,17
SPATS1,9,4
SPATS2,321,147
SPATS2L,284,162
SPC24,59,50
SPC25,59,36
SPCS1,92,64
SPCS2,318,297
SPCS3,385,341
SPDEF,10,1
SPDL1,153,67
SPDYA,8,6
SPDYE11,1,1
SPDYE15,1,1
SPDYE16,1,1
SPDYE18,4,4
SPDYE2,9,9
SPDYE21,1,1
SPDYE2B,7,7
SPDYE3,2,2
SPDYE8,1,1
SPDYE9,1,1
SPECC1,206,56
SPECC1L,221,60
SPEF1,31,19
SPEF2,96,45
SPEG,76,20
SPEGNB,4,1
SPEN,201,61
SPESP1,10,3
SPG11,161,67
SPG21,123,94
SPG7,310,138
SPHK1,28,10
SPHK2,92,35
SPHKAP,117,37
SPI1,4,1
SPICE1,123,47
SPIDR,404,303
SPIN1,222,131
SPIN2A,14,7
SPIN2B,60,50
SPIN3,102,23
SPIN4,19,0
SPINDOC,39,20
SPINK13,1,1
SPINK2,7,1
SPINK5,33,19
SPINK8,29,26
SPINK9,8,7
SPINT1,9,2
SPINT2,170,133
SPIRE1,192,55
SPIRE2,154,93
SPN,4,2
SPNS1,144,82
SPNS2,99,62
SPNS3,5,2
SPOCD1,1,0
SPOCK1,72,37
SPOCK2,145,108
SPOCK3,214,142
SPON1,94,17
SPON2,38,21
SPOP,209,139
SPOPL,28,8
SPOUT1,103,69
SPP1,272,200
SPPL2A,88,54
SPPL2B,98,42
SPPL3,80,7
SPR,24,7
SPRED1,95,19
SPRED2,91,56
SPRED3,8,7
SPRING1,67,46
SPRN,6,6
SPRR2A,5,5
SPRR2D,3,3
SPRTN,81,18
SPRY1,17,5
SPRY2,36,26
SPRY3,6,2
SPRY4,10,6
SPRYD3,474,405
SPRYD4,17,8
SPRYD7,264,203
SPSB1,22,1
SPSB2,31,18
SPSB3,154,124
SPSB4,33,9
SPTAN1,1650,1254
SPTB,61,10
SPTBN1,861,478
SPTBN2,123,54
SPTBN4,115,48
SPTBN5,19,16
SPTLC1,220,128
SPTLC2,52,9
SPTLC3,3,0
SPTSSA,47,38
SPTSSB,30,29
SPTY2D1,69,23
SPX,47,7
SQLE,177,118
SQOR,30,8
SQSTM1,368,346
SRA1,136,80
SRARP,4,1
SRBD1,100,50
SRC,78,40
SRCAP,46,6
SRCIN1,17,2
SRD5A1,178,96
SRD5A3,49,16
SREBF1,50,12
SREBF2,226,100
SREK1,395,156
SREK1IP1,103,58
SRF,32,4
SRFBP1,109,48
SRGAP1,97,30
SRGAP2,190,91
SRGAP2B,121,63
SRGAP2C,126,38
SRGAP3,94,28
SRGN,24,11
SRI,476,419
SRL,2,0
SRM,56,45
SRP14,274,233
SRP19,145,87
SRP54,259,154
SRP68,202,128
SRP72,379,231
SRP9,528,487
SRPK1,331,208
SRPK2,683,464
SRPK3,44,30
SRPRA,169,143
SRPRB,110,59
SRPX,23,4
SRPX2,5,0
SRR,158,97
SRRD,88,43
SRRM1,301,202
SRRM2,410,257
SRRM3,44,22
SRRM4,102,41
SRRM5,2,2
SRRT,431,273
SRSF1,543,425
SRSF10,331,265
SRSF11,768,399
SRSF12,107,89
SRSF2,181,122
SRSF3,788,607
SRSF4,139,90
SRSF5,673,516
SRSF6,314,189
SRSF7,513,352
SRSF8,71,51
SRSF9,86,58
SRXN1,3,1
SRY,5,0
SS18,141,57
SS18L1,60,23
SS18L2,90,54
SSB,496,387
SSBP1,272,197
SSBP2,779,551
SSBP3,196,121
SSBP4,184,110
SSC4D,13,9
SSH1,11,0
SSH2,30,13
SSH3,56,26
SSNA1,41,27
SSPN,18,3
SSR1,209,162
SSR2,319,283
SSR3,146,89
SSR4,143,101
SSRP1,353,225
SST,22,16
SSTR1,8,2
SSTR2,63,50
SSTR3,7,4
SSTR4,29,0
SSU72,73,45
SSUH2,4,0
SSX2IP,349,141
ST13,614,484
ST14,18,1
ST18,270,150
ST20-MTHFS,32,25
ST3GAL1,35,10
ST3GAL2,71,19
ST3GAL3,237,140
ST3GAL4,78,42
ST3GAL5,170,80
ST3GAL6,229,125
ST6GAL1,69,25
ST6GAL2,32,15
ST6GALNAC1,14,3
ST6GALNAC2,2,0
ST6GALNAC3,25,9
ST6GALNAC4,135,119
ST6GALNAC5,106,44
ST6GALNAC6,189,135
ST7,272,164
ST7L,205,115
ST8SIA1,59,21
ST8SIA2,53,9
ST8SIA3,68,7
ST8SIA4,78,19
ST8SIA5,83,45
ST8SIA6,2,1
STAB1,57,25
STAC,23,8
STAC2,28,9
STAC3,16,7
STAG1,661,331
STAG2,246,88
STAG3,17,10
STAM,168,76
STAM2,143,74
STAMBP,297,149
STAMBPL1,127,46
STAP2,61,49
STAR,30,21
STARD10,88,59
STARD13,98,21
STARD3,130,84
STARD3NL,291,196
STARD4,164,55
STARD5,31,10
STARD6,14,11
STARD7,155,118
STARD8,18,5
STARD9,78,12
STAT1,157,52
STAT2,113,85
STAT3,337,198
STAT4,134,96
STAT5A,17,0
STAT5B,65,19
STAT6,82,25
STAU1,447,336
STAU2,541,310
STBD1,32,3
STC1,7,0
STC2,10,0
STEAP1,19,4
STEAP1B,32,15
STEAP2,22,5
STEAP3,8,0
STEAP4,1,0
STEEP1,197,146
STIL,34,14
STIM1,78,30
STIM2,146,39
STIMATE,29,3
STIMATE-MUSTN1,11,11
STING1,55,18
STIP1,452,359
STK10,51,9
STK11,104,31
STK11IP,109,62
STK16,109,67
STK17A,119,40
STK17B,38,16
STK19,44,12
STK24,153,55
STK25,376,312
STK26,38,13
STK3,74,42
STK31,34,11
STK32A,30,9
STK32B,82,28
STK32C,98,66
STK33,126,94
STK35,17,8
STK36,125,58
STK38,85,48
STK38L,104,73
STK39,119,65
STK4,101,53
STK40,55,27
STKLD1,52,41
STMN1,1544,1452
STMN2,1113,1052
STMN3,312,290
STMN4,532,446
STMND1,6,4
STMP1,150,121
STN1,79,33
STOM,77,47
STOML1,73,50
STOML2,254,213
STOML3,8,5
STON1,42,6
STON1-GTF2A1L,11,7
STON2,25,14
STOX1,94,17
STOX2,24,2
STPG1,88,48
STPG2,3,3
STRA6,39,21
STRADA,236,150
STRADB,129,69
STRAP,440,360
STRBP,308,175
STRC,24,7
STRIP1,177,102
STRIP2,41,16
STRIT1,9,2
STRN,23,2
STRN3,94,61
STRN4,127,50
STS,25,5
STT3A,279,144
STT3B,172,31
STUB1,121,88
STUM,64,64
STX10,155,125
STX11,3,0
STX12,282,197
STX16,121,74
STX16-NPEPL1,10,7
STX17,54,20
STX18,116,58
STX19,6,5
STX1A,258,227
STX1B,94,65
STX2,116,67
STX3,85,42
STX4,136,70
STX5,109,75
STX6,198,153
STX7,304,202
STX8,123,89
STXBP1,1770,1468
STXBP2,40,7
STXBP3,210,150
STXBP4,65,25
STXBP5,152,20
STXBP5L,291,86
STXBP6,105,41
STYK1,93,55
STYX,63,26
STYXL1,156,131
SUB1,386,252
SUCLA2,352,277
SUCLG1,248,175
SUCLG2,71,39
SUCNR1,1,0
SUCO,186,70
SUDS3,147,94
SUFU,49,23
SUGCT,6,2
SUGP1,232,151
SUGP2,270,171
SUGT1,501,458
SULF1,181,27
SULF2,159,77
SULT1A1,202,132
SULT1A2,13,4
SULT1A3,83,18
SULT1A4,45,7
SULT1B1,2,1
SULT1C2,4,0
SULT1C4,65,37
SULT1E1,16,8
SULT2B1,8,5
SULT4A1,171,130
SUMF1,38,22
SUMF2,316,248
SUMO1,485,424
SUMO2,241,213
SUMO3,113,78
SUMO4,6,0
SUN1,401,291
SUN2,67,34
SUOX,65,35
SUPT16H,399,192
SUPT20H,469,277
SUPT3H,102,42
SUPT4H1,119,92
SUPT5H,442,367
SUPT6H,255,141
SUPT7L,212,114
SUPV3L1,290,213
SURF1,98,63
SURF2,131,100
SURF4,84,42
SURF6,91,60
SUSD1,72,20
SUSD2,7,1
SUSD3,12,5
SUSD4,166,95
SUSD5,26,6
SUSD6,29,6
SUV39H1,53,21
SUV39H2,129,42
SUZ12,89,17
SV2A,384,324
SV2B,176,47
SV2C,15,4
SVBP,94,66
SVEP1,38,0
SVIL,100,43
SVIP,95,47
SVOP,272,245
SVOPL,15,3
SWAP70,105,14
SWI5,35,16
SWSAP1,11,2
SWT1,152,60
SYAP1,237,143
SYBU,206,121
SYCE1,108,67
SYCE1L,38,21
SYCE2,13,7
SYCE3,4,1
SYCP2,19,16
SYCP2L,35,14
SYCP3,4,0
SYDE1,16,0
SYDE2,1,0
SYF2,215,155
SYK,9,1
SYMPK,132,63
SYN1,83,39
SYN2,115,36
SYN3,33,20
SYNC,17,7
SYNCRIP,431,203
SYNDIG1,141,126
SYNDIG1L,10,0
SYNE1,877,188
SYNE2,981,273
SYNE3,4,1
SYNE4,9,7
SYNGAP1,26,12
SYNGR1,182,138
SYNGR2,50,20
SYNGR3,32,12
SYNGR4,6,4
SYNJ1,161,48
SYNJ2,65,27
SYNJ2BP,74,43
SYNJ2BP-COX16,17,11
SYNM,64,4
SYNPO,48,42
SYNPO2,19,3
SYNPR,196,151
SYNRG,89,43
SYP,1274,1185
SYPL1,77,47
SYPL2,1,0
SYS1,38,16
SYS1-DBNDD2,57,42
SYT1,571,415
SYT10,10,1
SYT11,446,429
SYT12,44,15
SYT13,52,20
SYT14,122,40
SYT15,7,4
SYT16,51,20
SYT17,188,141
SYT2,16,4
SYT3,92,60
SYT4,167,83
SYT5,240,154
SYT6,109,52
SYT7,34,5
SYT9,40,16
SYTL1,8,5
SYTL2,322,169
SYTL3,26,15
SYTL4,60,29
SYTL5,16,5
SYVN1,49,23
SZRD1,95,52
SZT2,79,19
TAAR6,1,0
TAAR8,1,0
TAAR9,1,0
TAB1,258,202
TAB2,122,34
TAB3,15,3
TAC1,216,167
TAC3,37,27
TACC1,193,83
TACC2,348,211
TACC3,122,52
TACO1,45,14
TACR1,9,1
TACR2,13,1
TACR3,2,1
TACSTD2,5,0
TADA1,129,85
TADA2A,166,129
TADA2B,20,4
TADA3,152,123
TAF1,113,26
TAF10,26,16
TAF11,97,64
TAF12,81,45
TAF13,359,344
TAF15,95,34
TAF1A,78,49
TAF1B,151,48
TAF1C,95,59
TAF1D,372,328
TAF2,98,49
TAF3,41,18
TAF4,26,18
TAF4B,39,14
TAF5,68,16
TAF5L,23,4
TAF6,290,254
TAF6L,32,16
TAF7,67,65
TAF7L,17,9
TAF8,54,36
TAF9,80,61
TAF9B,107,67
TAFA1,27,9
TAFA2,78,48
TAFA3,5,3
TAFA4,29,29
TAFA5,55,35
TAGAP,7,1
TAGLN,49,16
TAGLN2,63,52
TAGLN3,452,385
TAL1,5,4
TAL2,13,9
TALDO1,209,177
TAMALIN,1,0
TAMM41,131,95
TANC1,46,11
TANC2,60,29
TANGO2,175,130
TANGO6,104,32
TANK,213,116
TAOK1,81,11
TAOK2,86,27
TAOK3,238,109
TAP1,14,0
TAP2,3,0
TAPBP,36,14
TAPBPL,43,16
TAPT1,80,11
TARBP1,202,113
TARBP2,167,112
TARDBP,915,740
TARS1,292,149
TARS2,669,606
TARS3,238,66
TAS1R1,1,0
TAS1R3,1,0
TAS2R13,1,0
TAS2R14,13,11
TAS2R19,10,0
TAS2R20,13,0
TAS2R30,1,0
TAS2R31,1,0
TAS2R39,1,0
TAS2R4,64,0
TAS2R42,3,0
TAS2R5,10,2
TAS2R8,3,0
TASL,11,3
TASOR,144,30
TASOR2,147,30
TASP1,225,148
TATDN1,247,192
TATDN2,78,10
TATDN3,294,196
TAX1BP1,795,529
TAX1BP3,125,117
TBC1D1,222,93
TBC1D10A,42,29
TBC1D10B,56,12
TBC1D10C,1,1
TBC1D12,47,6
TBC1D13,81,49
TBC1D14,217,149
TBC1D15,257,84
TBC1D16,55,35
TBC1D17,227,163
TBC1D19,196,101
TBC1D2,33,8
TBC1D20,95,17
TBC1D22A,355,258
TBC1D22B,62,28
TBC1D23,157,64
TBC1D24,76,56
TBC1D25,89,45
TBC1D26,13,7
TBC1D2B,20,0
TBC1D3,6,3
TBC1D30,83,30
TBC1D31,171,96
TBC1D32,101,46
TBC1D3C,4,1
TBC1D3D,23,9
TBC1D3E,10,2
TBC1D3G,3,0
TBC1D3H,3,0
TBC1D3I,1,1
TBC1D3K,2,0
TBC1D3L,71,44
TBC1D4,32,4
TBC1D5,86,39
TBC1D7,236,196
TBC1D8,89,65
TBC1D8B,15,2
TBC1D9,68,19
TBC1D9B,176,79
TBCA,104,68
TBCB,276,205
TBCC,58,44
TBCCD1,95,48
TBCD,391,287
TBCE,225,103
TBCEL,47,14
TBCEL-TECTA,1,0
TBCK,154,82
TBK1,148,81
TBKBP1,12,1
TBL1X,43,4
TBL1XR1,360,152
TBL1Y,2,1
TBL2,90,57
TBL3,166,119
TBP,123,51
TBPL1,190,122
TBR1,164,135
TBRG1,200,82
TBRG4,218,177
TBX15,3,0
TBX18,1,0
TBX19,4,0
TBX3,1,0
TBX6,11,4
TBXA2R,3,0
TBXAS1,31,8
TC2N,7,1
TCAF1,115,48
TCAF2,10,8
TCAIM,155,83
TCAP,11,0
TCEA1,303,226
TCEA2,255,188
TCEA3,60,51
TCEAL1,114,76
TCEAL2,244,217
TCEAL3,119,93
TCEAL4,614,559
TCEAL5,178,160
TCEAL6,92,70
TCEAL7,229,202
TCEAL8,147,123
TCEAL9,71,57
TCEANC,65,55
TCEANC2,45,18
TCERG1,563,186
TCERG1L,55,24
TCF12,206,67
TCF15,1,0
TCF19,27,13
TCF20,6,1
TCF25,579,441
TCF3,160,57
TCF4,1063,713
TCF7,4,3
TCF7L1,37,8
TCF7L2,188,82
TCFL5,62,47
TCHP,130,54
TCIM,79,19
TCIRG1,28,6
TCN2,55,19
TCOF1,217,132
TCP1,437,314
TCP10L,6,1
TCP11,2,0
TCP11L1,105,25
TCP11L2,60,40
TCP11X1,3,0
TCP11X2,1,0
TCTA,52,28
TCTE1,7,5
TCTN1,317,229
TCTN2,99,65
TCTN3,201,134
TDG,140,60
TDGF1,6,1
TDGF1P3,2,0
TDO2,16,14
TDP1,212,110
TDP2,191,136
TDRD1,1,0
TDRD10,5,1
TDRD3,185,106
TDRD5,4,0
TDRD6,23,9
TDRD7,113,45
TDRD9,50,15
TDRKH,211,173
TDRP,56,27
TEAD1,62,23
TEAD2,144,107
TEAD3,17,11
TEAD4,30,9
TEC,9,0
TECPR1,65,29
TECPR2,99,74
TECR,440,384
TECRL,1,1
TECTA,47,4
TECTB,1,0
TEDC1,69,39
TEDC2,59,24
TEDDM1,4,0
TEF,53,24
TEFM,69,37
TEK,71,28
TEKT1,28,9
TEKT2,76,44
TEKT3,13,11
TEKT4,5,1
TEKT5,2,1
TELO2,112,67
TEN1,30,15
TEN1-CDK3,36,31
TENM1,28,6
TENM2,62,3
TENM3,38,16
TENM4,46,17
TENT2,188,102
TENT4A,35,5
TENT4B,43,8
TENT5A,2,0
TENT5B,2,0
TENT5C,3,0
TEP1,11,4
TEPP,16,5
TEPSIN,29,14
TERF1,222,112
TERF2,114,54
TERF2IP,181,143
TERT,1,1
TES,51,20
TESC,52,32
TESK1,45,18
TESK2,23,11
TESMIN,4,3
TESPA1,510,422
TET1,69,40
TET2,19,1
TET3,3,1
TEX10,135,83
TEX101,4,3
TEX11,4,2
TEX14,8,7
TEX15,10,2
TEX2,130,42
TEX22,1,0
TEX26,63,59
TEX261,32,13
TEX264,110,79
TEX29,69,60
TEX30,95,61
TEX35,2,1
TEX45,21,15
TEX46,1,1
TEX9,147,88
TF,267,169
TFAM,116,48
TFAP2A,3,0
TFAP2B,5,1
TFAP2C,55,23
TFAP2D,16,4
TFAP2E,8,2
TFAP4,20,10
TFB1M,84,46
TFB2M,67,39
TFCP2,135,62
TFDP1,241,193
TFDP2,336,240
TFDP3,1,0
TFE3,74,43
TFEB,17,0
TFEC,4,2
TFF3,6,1
TFG,259,135
TFIP11,133,75
TFPI,57,16
TFPI2,5,1
TFPT,25,11
TFR2,90,66
TFRC,89,33
TG,9,0
TGDS,46,29
TGFA,12,2
TGFB1,33,24
TGFB1I1,44,21
TGFB2,63,9
TGFB3,34,18
TGFBI,59,28
TGFBR1,29,6
TGFBR2,28,4
TGFBR3,8,2
TGFBR3L,42,22
TGFBRAP1,67,46
TGIF1,95,35
TGIF2,45,28
TGIF2-RAB5IF,4,0
TGM1,6,2
TGM2,39,13
TGM3,5,1
TGOLN2,116,53
TGS1,177,135
TH,10,2
THADA,103,52
THAP1,69,24
THAP10,21,6
THAP11,31,6
THAP12,55,22
THAP2,56,14
THAP3,97,57
THAP4,56,45
THAP5,134,47
THAP6,104,56
THAP7,59,33
THAP8,227,200
THAP9,44,18
THBD,24,0
THBS1,82,7
THBS2,65,6
THBS3,71,34
THBS4,98,42
THEG,3,0
THEM4,93,29
THEM5,2,1
THEM6,39,26
THEMIS,21,6
THEMIS2,35,9
THG1L,39,8
THNSL1,60,19
THNSL2,84,44
THOC1,320,189
THOC2,338,165
THOC3,131,98
THOC5,172,91
THOC6,126,99
THOC7,241,179
THOP1,126,68
THPO,14,10
THRA,246,197
THRAP3,416,300
THRB,76,29
THSD1,53,35
THSD4,2,1
THSD7A,90,21
THSD7B,43,13
THSD8,1,0
THTPA,85,41
THUMPD1,102,47
THUMPD2,175,105
THUMPD3,216,121
THY1,419,349
THYN1,247,200
TIA1,593,373
TIAL1,450,260
TIAM1,91,24
TIAM2,358,212
TICAM1,3,1
TICAM2,19,19
TICRR,50,6
TIE1,60,27
TIFA,31,4
TIGAR,49,25
TIGD1,35,12
TIGD2,11,1
TIGD3,6,2
TIGD4,20,4
TIGD5,65,0
TIGD6,29,4
TIGD7,46,11
TIGIT,1,0
TIMD4,2,1
TIMELESS,136,69
TIMM10,62,43
TIMM10B,64,26
TIMM13,56,41
TIMM17A,190,148
TIMM17B,107,84
TIMM21,192,117
TIMM22,39,15
TIMM23,198,175
TIMM23B,65,21
TIMM23B-AGAP6,59,58
TIMM29,48,40
TIMM44,113,76
TIMM50,279,220
TIMM8A,45,20
TIMM8B,54,20
TIMM9,143,78
TIMMDC1,230,148
TIMP1,44,29
TIMP2,27,10
TIMP3,35,3
TIMP4,21,9
TINAG,3,3
TINAGL1,13,6
TINCR,10,3
TINF2,202,116
TIPARP,35,2
TIPIN,143,95
TIPRL,199,188
TIRAP,49,30
TJAP1,123,89
TJP1,143,21
TJP2,144,18
TJP3,3,1
TK1,49,28
TK2,82,16
TKFC,116,69
TKT,383,322
TKTL1,73,37
TKTL2,3,0
TLCD1,17,8
TLCD3A,54,43
TLCD3B,84,75
TLCD4,23,2
TLCD4-RWDD3,2,2
TLCD5,71,26
TLDC2,5,3
TLE1,144,94
TLE2,58,35
TLE3,142,51
TLE4,161,77
TLE5,242,215
TLE6,51,30
TLK1,180,28
TLK2,172,29
TLL1,5,1
TLL2,21,12
TLN1,131,44
TLN2,385,144
TLNRD1,58,0
TLR1,9,2
TLR10,6,2
TLR2,4,1
TLR3,10,0
TLR4,18,0
TLR5,4,2
TLR6,1,0
TLR7,4,0
TLX2,1,1
TM2D1,226,207
TM2D2,165,89
TM2D3,196,129
TM4SF1,48,32
TM4SF18,28,7
TM4SF19-DYNLT2B,15,15
TM6SF1,146,80
TM6SF2,14,11
TM7SF2,257,181
TM7SF3,123,80
TM9SF1,120,55
TM9SF2,390,267
TM9SF3,144,29
TM9SF4,204,112
TMA16,106,53
TMA7,158,148
TMBIM1,95,79
TMBIM4,305,229
TMBIM6,497,437
TMC1,2,1
TMC2,65,45
TMC4,5,0
TMC5,3,0
TMC6,51,14
TMC7,42,10
TMC8,4,1
TMCC1,76,40
TMCC2,71,17
TMCC3,32,6
TMCO1,216,146
TMCO3,237,128
TMCO4,12,6
TMCO6,68,33
TMED1,32,18
TMED10,161,116
TMED2,138,110
TMED3,27,13
TMED4,194,164
TMED5,96,44
TMED7,70,13
TMED7-TICAM2,6,2
TMED8,25,10
TMED9,130,110
TMEFF1,154,88
TMEFF2,219,143
TMEM100,15,8
TMEM101,41,22
TMEM102,2,0
TMEM104,29,12
TMEM106A,6,1
TMEM106B,132,67
TMEM106C,236,144
TMEM107,74,43
TMEM108,202,88
TMEM109,32,19
TMEM11,54,32
TMEM115,31,23
TMEM116,109,87
TMEM117,27,6
TMEM119,3,1
TMEM120A,200,151
TMEM120B,48,31
TMEM121,2,1
TMEM121B,3,1
TMEM123,134,90
TMEM125,16,8
TMEM126A,68,29
TMEM126B,158,81
TMEM127,68,39
TMEM128,104,75
TMEM129,54,31
TMEM130,114,67
TMEM131,93,28
TMEM131L,180,81
TMEM132A,67,26
TMEM132B,88,10
TMEM132C,39,2
TMEM132D,18,7
TMEM132E,9,3
TMEM134,123,90
TMEM135,132,67
TMEM138,108,73
TMEM139,17,3
TMEM140,5,1
TMEM141,91,65
TMEM143,55,30
TMEM144,156,89
TMEM145,83,49
TMEM147,113,76
TMEM14A,235,202
TMEM14B,291,246
TMEM14C,119,97
TMEM150A,67,41
TMEM150C,129,85
TMEM151A,18,15
TMEM151B,57,56
TMEM154,5,0
TMEM156,8,5
TMEM158,20,5
TMEM160,37,33
TMEM161A,90,58
TMEM161B,158,95
TMEM163,56,30
TMEM164,19,12
TMEM165,151,57
TMEM167A,411,336
TMEM167B,55,32
TMEM168,75,16
TMEM169,37,13
TMEM17,39,17
TMEM170A,92,61
TMEM170B,13,1
TMEM171,11,2
TMEM175,246,183
TMEM176A,48,20
TMEM176B,48,31
TMEM177,50,38
TMEM178A,119,74
TMEM178B,17,15
TMEM179,27,18
TMEM179B,121,75
TMEM18,109,68
TMEM181,76,62
TMEM182,50,17
TMEM183A,314,255
TMEM184B,101,72
TMEM184C,150,85
TMEM185A,107,75
TMEM185B,87,0
TMEM186,75,67
TMEM187,9,4
TMEM19,176,114
TMEM190,6,6
TMEM191B,62,25
TMEM191C,74,30
TMEM192,46,21
TMEM196,118,65
TMEM198,68,28
TMEM199,167,113
TMEM200A,43,1
TMEM200C,2,2
TMEM201,59,15
TMEM203,17,0
TMEM204,19,2
TMEM205,92,72
TMEM208,86,49
TMEM209,89,41
TMEM213,1,1
TMEM214,104,81
TMEM215,7,0
TMEM216,115,75
TMEM217,10,0
TMEM218,168,117
TMEM219,125,58
TMEM220,37,21
TMEM221,11,9
TMEM222,97,65
TMEM223,16,5
TMEM225B,4,2
TMEM229A,27,0
TMEM229B,12,4
TMEM230,279,226
TMEM231,139,126
TMEM232,76,44
TMEM233,9,2
TMEM234,122,84
TMEM235,27,11
TMEM237,156,101
TMEM238,2,0
TMEM238L,2,1
TMEM240,15,3
TMEM241,188,164
TMEM242,107,59
TMEM243,36,15
TMEM244,5,3
TMEM245,65,18
TMEM248,72,18
TMEM249,18,3
TMEM25,348,259
TMEM250,16,2
TMEM253,13,10
TMEM254,146,85
TMEM255A,13,3
TMEM255B,18,10
TMEM256,72,60
TMEM256-PLSCR3,11,8
TMEM258,93,55
TMEM259,54,34
TMEM26,1,1
TMEM260,88,44
TMEM263,49,14
TMEM265,35,6
TMEM266,12,2
TMEM267,84,35
TMEM268,82,26
TMEM269,1,1
TMEM271,38,0
TMEM272,4,0
TMEM273,31,24
TMEM30A,172,89
TMEM31,5,5
TMEM33,95,23
TMEM35A,117,104
TMEM35B,14,4
TMEM37,5,0
TMEM38A,29,11
TMEM38B,90,52
TMEM39A,100,95
TMEM39B,185,108
TMEM40,4,2
TMEM41A,51,27
TMEM41B,107,42
TMEM42,76,61
TMEM43,152,79
TMEM44,81,44
TMEM45A,31,15
TMEM45B,20,11
TMEM47,15,5
TMEM50A,306,239
TMEM50B,196,128
TMEM51,19,6
TMEM52,26,12
TMEM52B,12,8
TMEM53,88,33
TMEM54,44,28
TMEM59,424,358
TMEM59L,194,146
TMEM60,18,10
TMEM61,9,5
TMEM62,84,53
TMEM63A,83,29
TMEM63B,131,84
TMEM63C,33,15
TMEM64,24,4
TMEM65,53,8
TMEM67,143,45
TMEM68,164,92
TMEM69,54,32
TMEM70,53,30
TMEM71,10,5
TMEM74,27,9
TMEM74B,27,15
TMEM79,24,13
TMEM80,121,99
TMEM81,17,0
TMEM86A,18,6
TMEM86B,19,1
TMEM87A,209,172
TMEM87B,28,17
TMEM88,8,2
TMEM88B,12,12
TMEM8B,234,125
TMEM9,151,96
TMEM91,112,50
TMEM92,7,4
TMEM94,290,167
TMEM97,88,69
TMEM98,154,100
TMEM9B,95,52
TMF1,252,33
TMIE,38,11
TMIGD2,7,2
TMIGD3,23,11
TMLHE,150,67
TMOD1,162,82
TMOD2,212,127
TMOD3,149,69
TMOD4,1,0
TMPO,490,393
TMPPE,6,3
TMPRSS13,47,40
TMPRSS15,5,2
TMPRSS2,1,1
TMPRSS3,16,8
TMPRSS5,101,71
TMPRSS7,4,3
TMPRSS9,6,1
TMSB10,410,401
TMSB15A,64,55
TMSB15B,261,196
TMSB4X,518,495
TMSB4Y,44,21
TMTC1,78,28
TMTC2,49,14
TMTC3,36,2
TMTC4,326,178
TMUB1,23,11
TMUB2,230,150
TMX1,158,103
TMX2,213,152
TMX3,211,86
TMX4,105,49
TNC,71,28
TNFAIP1,89,46
TNFAIP2,7,1
TNFAIP3,12,2
TNFAIP6,16,3
TNFAIP8,17,3
TNFAIP8L1,56,49
TNFAIP8L2,3,2
TNFAIP8L3,15,9
TNFRSF10A,3,0
TNFRSF10B,26,9
TNFRSF10C,4,0
TNFRSF10D,14,9
TNFRSF11B,18,4
TNFRSF12A,13,3
TNFRSF14,43,33
TNFRSF17,5,1
TNFRSF18,16,9
TNFRSF19,68,33
TNFRSF1A,64,43
TNFRSF1B,11,2
TNFRSF21,52,27
TNFRSF25,61,23
TNFRSF4,11,4
TNFRSF6B,15,4
TNFSF10,29,10
TNFSF12,64,44
TNFSF13,117,67
TNFSF13B,20,5
TNFSF18,3,0
TNFSF4,6,2
TNFSF8,1,0
TNFSF9,11,3
TNIK,319,81
TNIP1,147,91
TNIP2,18,4
TNIP3,12,0
TNK1,26,9
TNK2,37,9
TNKS,205,27
TNKS1BP1,66,15
TNKS2,112,31
TNMD,3,2
TNN,4,2
TNNC1,8,4
TNNC2,23,6
TNNI1,5,4
TNNI2,2,1
TNNI3,12,3
TNNI3K,59,24
TNNT1,62,33
TNNT2,142,135
TNNT3,4,4
TNPO1,209,62
TNPO2,106,59
TNPO3,54,17
TNR,54,38
TNRC18,71,21
TNRC6A,139,25
TNRC6B,154,68
TNRC6C,55,5
TNS1,23,1
TNS2,91,25
TNS3,81,62
TNXB,10,0
TOB1,33,22
TOB2,20,10
TOE1,93,57
TOGARAM1,151,27
TOGARAM2,30,10
TOLLIP,217,161
TOM1,179,146
TOM1L1,121,59
TOM1L2,120,75
TOMM20,502,454
TOMM22,96,76
TOMM34,64,44
TOMM40,56,35
TOMM40L,133,79
TOMM5,134,112
TOMM6,57,39
TOMM7,100,84
TOMM70,196,86
TONSL,24,2
TOP1,242,114
TOP1MT,65,37
TOP2A,281,182
TOP2B,661,293
TOP3A,148,83
TOP3B,112,79
TOPBP1,142,48
TOPORS,34,8
TOR1A,107,71
TOR1AIP1,124,66
TOR1AIP2,119,56
TOR1B,61,44
TOR2A,62,24
TOR3A,64,38
TOX,170,66
TOX2,59,24
TOX3,34,11
TOX4,229,108
TP53,56,31
TP53AIP1,4,1
TP53BP1,210,76
TP53BP2,138,58
TP53I11,111,75
TP53I13,66,45
TP53I3,62,29
TP53INP1,17,3
TP53INP2,33,31
TP53RK,40,6
TP53TG3,6,4
TP53TG3B,3,1
TP53TG3C,2,1
TP53TG3D,30,13
TP53TG3E,1,1
TP53TG3F,4,3
TP53TG5,41,34
TP73,7,1
TPBG,23,9
TPBGL,20,0
TPCN1,57,11
TPCN2,55,45
TPD52,534,519
TPD52L1,161,113
TPD52L2,291,153
TPGS1,4,3
TPGS2,390,242
TPH2,8,6
TPI1,674,623
TPK1,48,24
TPM1,384,224
TPM2,123,67
TPM3,1099,934
TPM4,286,187
TPMT,280,234
TPP1,145,64
TPP2,293,112
TPPP,29,15
TPPP2,3,2
TPPP3,58,43
TPR,578,255
TPRA1,101,79
TPRG1L,102,83
TPRKB,219,132
TPRN,29,13
TPSAB1,2,0
TPSB2,5,5
TPST1,119,76
TPST2,60,42
TPT1,1063,957
TPTE2,10,10
TPTEP2-CSNK1E,16,15
TPX2,210,94
TRA2A,321,251
TRA2B,339,227
TRABD,64,29
TRABD2A,35,14
TRABD2B,1,1
TRADD,8,3
TRAF1,19,4
TRAF2,85,64
TRAF3,64,20
TRAF3IP1,116,40
TRAF3IP2,52,23
TRAF3IP3,10,3
TRAF4,60,24
TRAF5,47,12
TRAF6,79,67
TRAF7,178,110
TRAFD1,135,80
TRAIP,68,51
TRAK1,179,125
TRAK2,83,20
TRAM1,148,83
TRAM1L1,51,6
TRAM2,20,6
TRANK1,38,7
TRAP1,239,185
TRAPPC1,84,68
TRAPPC10,95,7
TRAPPC11,213,102
TRAPPC12,108,38
TRAPPC13,214,84
TRAPPC14,68,47
TRAPPC2,169,160
TRAPPC2B,11,4
TRAPPC2L,168,122
TRAPPC3,146,107
TRAPPC3L,1,0
TRAPPC4,145,87
TRAPPC5,56,43
TRAPPC6A,55,46
TRAPPC6B,160,95
TRAPPC8,155,69
TRAPPC9,119,84
TRARG1,1,0
TRDMT1,150,92
TRDN,18,4
TREM1,2,1
TREM2,52,31
TREML1,2,0
TREML2,2,0
TRERF1,33,4
TREX1,35,12
TREX2,20,11
TRH,34,8
TRHDE,66,2
TRIAP1,17,8
TRIB1,27,6
TRIB2,122,53
TRIB3,30,9
TRIL,61,1
TRIM11,21,18
TRIM13,102,63
TRIM14,17,16
TRIM16,132,108
TRIM17,45,30
TRIM2,255,60
TRIM21,31,22
TRIM22,62,34
TRIM23,143,43
TRIM24,256,29
TRIM25,10,3
TRIM26,38,30
TRIM27,56,27
TRIM28,244,207
TRIM29,7,2
TRIM3,116,95
TRIM32,31,22
TRIM33,67,5
TRIM34,12,6
TRIM35,50,28
TRIM36,221,77
TRIM37,408,261
TRIM38,12,2
TRIM39,18,10
TRIM39-RPP21,1,1
TRIM4,75,46
TRIM41,76,25
TRIM44,105,56
TRIM45,54,21
TRIM46,113,66
TRIM47,19,7
TRIM49B,1,0
TRIM49D2,1,1
TRIM5,47,34
TRIM52,48,24
TRIM54,35,13
TRIM56,2,1
TRIM58,6,3
TRIM59,82,37
TRIM6,7,6
TRIM61,17,5
TRIM62,22,12
TRIM63,2,1
TRIM64,1,1
TRIM65,38,27
TRIM66,13,10
TRIM67,17,16
TRIM68,58,36
TRIM69,215,182
TRIM7,8,2
TRIM72,1,1
TRIM73,6,1
TRIM74,7,1
TRIM8,97,69
TRIM9,194,137
TRIML2,2,2
TRIO,507,202
TRIOBP,84,8
TRIP10,59,26
TRIP11,297,87
TRIP12,282,85
TRIP13,97,60
TRIP4,236,171
TRIP6,78,45
TRIQK,160,78
TRIR,171,154
TRIT1,139,85
TRMO,88,65
TRMT1,195,130
TRMT10A,197,96
TRMT10B,165,105
TRMT10C,23,12
TRMT11,241,164
TRMT112,127,89
TRMT12,5,5
TRMT13,165,106
TRMT1L,174,68
TRMT2A,135,85
TRMT2B,89,86
TRMT44,49,16
TRMT5,69,26
TRMT6,93,35
TRMT61A,38,14
TRMT61B,212,179
TRMT9B,86,62
TRMU,224,122
TRNAU1AP,141,78
TRNP1,31,13
TRNT1,148,60
TRO,440,265
TROAP,120,66
TRPA1,5,0
TRPC1,79,26
TRPC3,32,5
TRPC4,125,28
TRPC4AP,281,218
TRPC5,10,1
TRPC5OS,1,1
TRPC6,54,5
TRPC7,8,1
TRPM2,70,11
TRPM3,32,4
TRPM4,65,27
TRPM6,2,1
TRPM7,93,37
TRPM8,3,0
TRPS1,25,0
TRPT1,255,215
TRPV1,33,8
TRPV2,63,39
TRPV3,9,1
TRPV6,2,1
TRRAP,212,58
TRUB1,95,47
TRUB2,124,92
TSACC,8,2
TSC1,263,64
TSC2,583,343
TSC22D1,682,608
TSC22D2,74,8
TSC22D3,95,79
TSC22D4,71,49
TSEN15,166,88
TSEN2,259,116
TSEN34,42,6
TSEN54,75,15
TSFM,91,50
TSG101,302,249
TSGA10,156,75
TSGA10IP,5,3
TSGA13,14,14
TSHR,8,2
TSHZ1,6,1
TSHZ2,1,1
TSHZ3,40,22
TSKS,4,4
TSKU,8,4
TSLP,4,0
TSN,267,151
TSNARE1,146,103
TSNAX,98,62
TSNAX-DISC1,3,0
TSNAXIP1,121,85
TSPAN1,38,28
TSPAN10,6,2
TSPAN11,34,13
TSPAN12,47,29
TSPAN13,304,252
TSPAN14,175,118
TSPAN15,49,23
TSPAN16,9,5
TSPAN17,85,30
TSPAN18,40,5
TSPAN19,39,33
TSPAN2,147,74
TSPAN3,335,235
TSPAN31,166,105
TSPAN33,22,1
TSPAN4,56,22
TSPAN5,117,85
TSPAN6,158,110
TSPAN7,771,726
TSPAN8,5,0
TSPAN9,18,7
TSPEAR,3,2
TSPO,51,35
TSPO2,2,1
TSPOAP1,184,120
TSPYL1,121,121
TSPYL2,288,220
TSPYL4,142,84
TSPYL5,43,22
TSPYL6,4,0
TSR1,216,120
TSR2,216,191
TSR3,32,14
TSSC4,50,20
TSSK1B,2,0
TSSK3,2,2
TSSK6,4,2
TST,13,6
TSTD1,59,37
TSTD2,114,67
TSTD3,80,61
TTBK1,31,8
TTBK2,48,8
TTC1,176,114
TTC12,62,36
TTC13,129,60
TTC14,177,83
TTC16,1,1
TTC17,293,149
TTC19,106,28
TTC21A,48,18
TTC21B,212,38
TTC22,1,0
TTC23,76,47
TTC23L,33,19
TTC24,2,2
TTC26,60,27
TTC27,141,98
TTC28,49,24
TTC29,11,3
TTC3,873,464
TTC30A,100,1
TTC30B,68,0
TTC31,152,100
TTC32,73,32
TTC33,103,34
TTC36,2,2
TTC38,27,13
TTC39A,47,17
TTC39B,59,36
TTC39C,42,6
TTC4,130,70
TTC5,84,47
TTC7A,88,18
TTC7B,127,84
TTC8,140,79
TTC9,34,5
TTC9B,45,40
TTC9C,151,113
TTF1,98,51
TTF2,59,27
TTI1,86,58
TTI2,121,62
TTK,91,30
TTL,67,25
TTLL1,149,95
TTLL11,32,6
TTLL12,101,47
TTLL2,5,5
TTLL3,184,93
TTLL4,120,60
TTLL5,196,97
TTLL6,7,4
TTLL7,217,48
TTLL9,25,15
TTN,32,5
TTPA,13,10
TTPAL,56,22
TTR,15,4
TTYH1,255,168
TTYH2,86,33
TTYH3,35,13
TUB,46,24
TUBA1A,2763,2679
TUBA1B,978,947
TUBA1C,87,71
TUBA3D,11,3
TUBA3E,1,1
TUBA3FP,19,13
TUBA4A,146,110
TUBA4B,5,3
TUBA8,99,45
TUBAL3,1,1
TUBB,256,224
TUBB1,3,0
TUBB2A,622,589
TUBB2B,1355,1295
TUBB3,482,429
TUBB4A,685,648
TUBB4B,185,173
TUBB6,46,27
TUBD1,116,76
TUBE1,191,71
TUBG1,137,91
TUBG2,473,405
TUBGCP2,221,107
TUBGCP3,132,62
TUBGCP4,164,79
TUBGCP5,126,80
TUBGCP6,144,84
TUFM,259,223
TUFT1,41,21
TUG1,65,6
TULP2,3,3
TULP3,80,43
TULP4,73,32
TUNAR,42,15
TUSC1,19,1
TUSC2,69,56
TUSC3,404,276
TUT1,61,31
TUT4,350,141
TUT7,162,39
TVP23A,142,96
TVP23B,126,48
TVP23C,74,29
TVP23C-CDRT4,98,82
TWF1,231,172
TWF2,77,56
TWIST1,12,2
TWIST2,19,3
TWNK,74,23
TWSG1,54,29
TXLNA,75,25
TXLNB,6,3
TXLNG,120,30
TXN,159,132
TXN2,177,146
TXNDC11,54,35
TXNDC12,111,88
TXNDC15,620,542
TXNDC16,99,45
TXNDC17,133,81
TXNDC5,38,23
TXNDC9,152,84
TXNIP,117,79
TXNL1,237,154
TXNL4A,160,112
TXNL4B,54,30
TXNRD1,713,557
TXNRD2,104,79
TXNRD3,25,3
TYK2,117,57
TYMP,11,0
TYMS,62,29
TYRO3,144,115
TYROBP,33,23
TYRP1,31,26
TYSND1,34,12
TYW1,120,58
TYW1B,51,27
TYW3,76,37
TYW5,95,28
U2AF1,215,179
U2AF1L4,256,212
U2AF2,116,95
U2SURP,489,324
UACA,144,48
UAP1,160,74
UAP1L1,14,2
UBA1,730,625
UBA2,364,261
UBA3,525,444
UBA5,345,160
UBA52,377,292
UBA6,184,73
UBA7,48,32
UBAC1,103,62
UBAC2,202,156
UBALD1,30,16
UBALD2,22,8
UBAP1,175,110
UBAP1L,51,1
UBAP2,152,65
UBAP2L,603,417
UBASH3B,33,4
UBB,549,516
UBC,563,519
UBE2A,284,257
UBE2B,202,117
UBE2C,156,124
UBE2D1,162,109
UBE2D2,349,287
UBE2D3,733,700
UBE2D4,134,80
UBE2E1,71,48
UBE2E2,35,16
UBE2E3,242,158
UBE2F,337,235
UBE2F-SCLY,6,3
UBE2G1,163,96
UBE2G2,188,91
UBE2H,70,16
UBE2I,264,192
UBE2J1,120,35
UBE2J2,96,58
UBE2K,221,167
UBE2L3,159,118
UBE2L5,3,3
UBE2L6,114,88
UBE2M,47,39
UBE2N,363,279
UBE2O,88,72
UBE2Q1,91,40
UBE2Q2,125,47
UBE2QL1,26,18
UBE2R2,91,60
UBE2S,51,37
UBE2T,143,114
UBE2U,4,4
UBE2V1,332,247
UBE2V2,374,293
UBE2W,149,58
UBE2Z,86,43
UBE3A,403,127
UBE3B,477,244
UBE3C,129,50
UBE3D,85,46
UBE4A,113,18
UBE4B,215,182
UBFD1,57,24
UBIAD1,59,22
UBL3,100,31
UBL4A,65,44
UBL4B,1,0
UBL5,204,170
UBL7,266,240
UBLCP1,194,121
UBN1,98,10
UBN2,55,9
UBOX5,47,22
UBP1,90,11
UBQLN1,208,84
UBQLN2,135,27
UBQLN4,101,70
UBR1,142,21
UBR2,161,32
UBR3,343,75
UBR4,289,165
UBR5,292,62
UBR7,90,47
UBTD1,18,4
UBTD2,44,22
UBTF,290,155
UBXN1,288,228
UBXN10,32,15
UBXN11,474,438
UBXN2A,176,137
UBXN2B,147,86
UBXN4,320,187
UBXN6,114,75
UBXN7,83,40
UBXN8,73,41
UCHL1,970,902
UCHL3,210,170
UCHL5,433,285
UCK1,117,62
UCK2,67,31
UCKL1,205,186
UCN,9,0
UCP1,3,1
UCP2,48,34
UCP3,3,0
UEVLD,69,32
UFC1,209,179
UFD1,171,125
UFL1,162,101
UFM1,309,256
UFSP1,8,0
UFSP2,241,140
UGCG,60,25
UGDH,165,79
UGGT1,116,65
UGGT2,225,74
UGP2,406,304
UGT3A2,1,0
UGT8,85,25
UHMK1,37,6
UHRF1,110,48
UHRF2,147,39
UIMC1,291,200
ULBP1,11,5
ULBP2,37,21
ULBP3,21,6
ULK1,69,12
ULK2,152,27
ULK3,290,234
ULK4,58,19
UMAD1,92,71
UMPS,114,49
UNC119,77,36
UNC119B,25,12
UNC13A,24,18
UNC13B,159,41
UNC13C,129,21
UNC13D,4,0
UNC45A,156,94
UNC50,165,115
UNC5A,91,34
UNC5B,22,2
UNC5C,20,3
UNC5CL,6,3
UNC5D,13,5
UNC79,180,38
UNC80,147,22
UNC93B1,17,4
UNG,79,48
UNK,71,25
UNKL,40,17
UPF1,85,20
UPF2,169,53
UPF3A,591,386
UPF3B,176,83
UPK1A,2,0
UPK2,26,25
UPK3A,3,1
UPK3BL1,54,37
UPK3BL2,25,6
UPP1,127,52
UPP2,21,20
UPRT,111,57
UQCC1,223,149
UQCC2,123,97
UQCC3,25,17
UQCR10,117,106
UQCR11,142,114
UQCRB,280,197
UQCRC1,457,413
UQCRC2,569,412
UQCRFS1,70,54
UQCRH,178,137
UQCRHL,12,2
UQCRQ,106,81
URB1,103,10
URB2,104,13
URGCP,91,64
URGCP-MRPS24,11,8
URI1,215,78
URM1,85,58
UROC1,1,0
UROD,358,277
UROS,273,224
USB1,88,58
USE1,232,185
USF1,320,279
USF2,120,45
USF3,36,19
USH1C,44,24
USHBP1,14,5
USO1,230,93
USP1,130,46
USP10,382,296
USP11,793,687
USP12,45,13
USP13,27,6
USP14,271,147
USP15,267,101
USP16,284,140
USP17L1,1,0
USP17L20,1,0
USP17L21,2,0
USP17L24,3,0
USP17L25,4,0
USP17L26,2,0
USP17L29,1,0
USP17L30,6,0
USP18,42,18
USP19,133,71
USP2,34,6
USP20,209,104
USP21,198,133
USP22,114,46
USP24,140,80
USP25,149,29
USP27X,25,3
USP28,98,42
USP3,255,139
USP30,90,47
USP31,19,3
USP32,240,89
USP33,418,262
USP34,279,65
USP35,51,9
USP36,88,29
USP37,58,23
USP38,140,12
USP39,209,138
USP4,360,218
USP40,105,40
USP42,51,9
USP43,34,9
USP44,28,17
USP45,72,29
USP46,125,62
USP47,435,109
USP48,298,148
USP49,23,5
USP5,255,178
USP50,7,7
USP53,45,19
USP54,104,40
USP6,10,0
USP6NL,72,10
USP7,926,784
USP8,193,49
USP9X,342,30
USP9Y,198,75
USPL1,121,68
UST,26,1
UTP11,151,102
UTP14A,135,78
UTP14C,21,14
UTP15,80,26
UTP18,193,132
UTP20,89,12
UTP23,123,80
UTP25,143,53
UTP3,67,5
UTP4,259,192
UTP6,327,251
UTRN,160,88
UTS2,5,1
UTS2B,5,3
UTY,201,48
UVRAG,121,51
UVSSA,28,13
UXS1,221,148
UXT,188,159
VAC14,71,44
VAMP1,125,106
VAMP2,274,229
VAMP3,107,54
VAMP4,180,131
VAMP5,12,8
VAMP7,149,90
VAMP8,19,9
VANGL1,11,1
VANGL2,34,13
VAPA,275,183
VAPB,65,31
VARS1,47,13
VARS2,50,17
VASH1,73,15
VASH2,41,13
VASN,4,0
VASP,44,18
VAT1,81,63
VAT1L,52,28
VAV1,21,5
VAV2,78,34
VAV3,11,2
VAX1,1,0
VAX2,5,3
VBP1,182,147
VCAM1,58,12
VCAN,342,55
VCL,92,26
VCP,350,301
VCPIP1,88,2
VCPKMT,114,71
VDAC1,553,491
VDAC2,518,433
VDAC3,584,528
VEGFA,112,15
VEGFB,94,68
VEGFC,18,1
VEGFD,10,0
VEPH1,113,61
VEZF1,75,33
VEZT,443,277
VGF,29,27
VGLL4,97,41
VHL,519,485
VIL1,2,2
VILL,150,78
VIM,2117,1999
VIP,98,53
VIPAS39,165,110
VIPR1,54,34
VIPR2,20,3
VIRMA,202,67
VIT,28,11
VKORC1,48,34
VKORC1L1,33,5
VLDLR,92,22
VMA21,39,21
VMAC,7,2
VMO1,16,6
VMP1,299,211
VN1R1,15,0
VN1R2,2,2
VNN2,2,1
VOPP1,79,58
VPS11,159,93
VPS13A,150,83
VPS13B,376,68
VPS13C,333,40
VPS13D,222,33
VPS16,344,277
VPS18,64,16
VPS25,87,66
VPS26A,228,152
VPS26B,77,20
VPS26C,139,61
VPS28,1025,961
VPS29,351,279
VPS33A,167,89
VPS33B,180,123
VPS35,293,193
VPS35L,422,254
VPS36,244,129
VPS37A,248,164
VPS37B,52,35
VPS37C,32,16
VPS37D,16,9
VPS39,161,75
VPS41,362,177
VPS45,305,179
VPS4A,199,144
VPS4B,156,97
VPS50,236,181
VPS51,163,106
VPS52,68,47
VPS53,193,123
VPS54,98,4
VPS72,358,320
VPS8,197,83
VPS9D1,88,72
VRK1,353,189
VRK2,104,53
VRK3,303,207
VSIG10,47,40
VSIG10L,27,7
VSIG4,40,34
VSIG8,1,0
VSIR,65,46
VSNL1,699,640
VSTM2A,238,118
VSTM2B,41,19
VSTM2L,113,94
VSTM4,16,4
VSTM5,13,6
VSX1,19,7
VSX2,1,1
VTA1,286,187
VTCN1,2,2
VTI1A,143,92
VTI1B,245,166
VTN,16,4
VWA1,1,0
VWA2,4,3
VWA3A,26,7
VWA3B,13,8
VWA5A,110,21
VWA5B1,3,1
VWA5B2,75,30
VWA7,2,2
VWA8,83,25
VWC2,52,32
VWC2L,28,4
VWCE,37,19
VWDE,7,2
VWF,62,20
VXN,101,49
WAC,338,231
WAPL,105,28
WARS1,245,152
WARS2,69,40
WAS,14,5
WASF1,416,298
WASF2,42,8
WASF3,88,44
WASH6P,38,6
WASHC1,49,30
WASHC2A,277,67
WASHC2C,241,57
WASHC3,168,145
WASHC4,128,32
WASHC5,127,84
WASL,76,32
WBP1,228,161
WBP11,220,139
WBP1L,45,32
WBP2,585,538
WBP2NL,10,4
WBP4,180,90
WDCP,33,7
WDFY1,75,37
WDFY2,73,20
WDFY3,135,18
WDFY4,8,0
WDHD1,122,54
WDPCP,85,39
WDR1,216,162
WDR11,227,183
WDR12,163,109
WDR13,248,188
WDR17,79,26
WDR18,120,81
WDR19,233,91
WDR20,223,147
WDR24,59,37
WDR25,70,34
WDR26,77,12
WDR27,129,66
WDR3,190,67
WDR31,22,11
WDR33,178,84
WDR35,87,14
WDR36,108,33
WDR37,90,42
WDR38,3,2
WDR4,108,80
WDR41,393,252
WDR43,202,99
WDR44,128,70
WDR45,254,189
WDR45B,110,74
WDR46,44,22
WDR47,165,90
WDR48,286,146
WDR49,27,13
WDR5,88,34
WDR53,63,37
WDR54,230,154
WDR55,89,42
WDR59,130,63
WDR5B,73,9
WDR6,278,161
WDR62,41,12
WDR64,5,5
WDR7,133,21
WDR70,187,91
WDR73,196,140
WDR74,125,88
WDR75,257,122
WDR76,98,27
WDR77,168,100
WDR81,35,2
WDR82,88,39
WDR83,159,108
WDR83OS,75,59
WDR86,58,32
WDR88,1,1
WDR89,87,42
WDR90,72,23
WDR91,142,82
WDR93,6,3
WDR97,24,10
WDSUB1,177,130
WDTC1,104,46
WEE1,67,7
WEE2,1,1
WFDC1,19,7
WFDC10A,1,0
WFDC11,1,0
WFDC2,106,36
WFDC3,12,6
WFIKKN1,2,2
WFIKKN2,13,0
WFS1,130,64
WHAMM,49,9
WHRN,38,14
WIF1,157,112
WIPF1,22,4
WIPF2,72,28
WIPF3,75,30
WIPI1,60,35
WIPI2,206,78
WIZ,44,6
WLS,171,114
WNK1,231,88
WNK2,381,180
WNK3,74,38
WNK4,1,0
WNT1,1,0
WNT10B,27,17
WNT11,11,4
WNT16,11,2
WNT2,27,2
WNT2B,29,3
WNT3,33,9
WNT3A,1,0
WNT4,15,1
WNT5A,7,0
WNT5B,60,39
WNT6,3,0
WNT7A,36,20
WNT7B,4,1
WNT8B,9,1
WNT9A,1,1
WNT9B,1,1
WRAP53,116,70
WRAP73,138,98
WRN,128,32
WRNIP1,95,41
WSB1,388,244
WSB2,240,144
WSCD1,69,9
WSCD2,111,54
WTAP,197,97
WTIP,13,5
WWC1,148,33
WWC2,45,0
WWC3,18,2
WWOX,72,28
WWP1,202,30
WWP2,158,53
WWTR1,29,8
XAB2,75,49
XAF1,14,2
XAGE1A,6,1
XAGE1B,3,0
XAGE2,1,1
XBP1,72,43
XCL1,2,2
XG,1,0
XIAP,195,96
XIRP2,2,0
XK,19,1
XKR4,73,51
XKR5,3,2
XKR6,6,6
XKR7,1,1
XKR8,30,14
XKR9,36,26
XKRX,2,0
XPA,150,109
XPC,120,61
XPNPEP1,267,180
XPNPEP2,5,2
XPNPEP3,54,32
XPO1,334,194
XPO4,34,6
XPO5,187,137
XPO6,87,58
XPO7,568,374
XPOT,218,142
XPR1,156,39
XRCC1,168,128
XRCC2,40,25
XRCC3,54,30
XRCC4,83,28
XRCC5,855,669
XRCC6,496,420
XRN1,115,33
XRN2,434,277
XRRA1,75,48
XXYLT1,23,10
XYLB,38,27
XYLT1,5,1
XYLT2,56,9
YAE1,80,39
YAF2,200,118
YAP1,29,10
YARS1,211,136
YARS2,63,36
YBEY,89,44
YBX1,546,450
YBX2,15,3
YBX3,47,7
YDJC,51,27
YEATS2,193,69
YEATS4,153,119
YES1,89,22
YIF1A,114,86
YIF1B,132,102
YIPF1,172,140
YIPF2,115,73
YIPF3,368,312
YIPF4,182,136
YIPF5,302,204
YIPF6,84,35
YIPF7,13,11
YJEFN3,224,172
YJU2,48,23
YKT6,86,34
YLPM1,371,107
YME1L1,377,197
YOD1,12,1
YPEL1,77,65
YPEL2,24,5
YPEL3,104,85
YPEL4,70,41
YPEL5,277,210
YRDC,16,4
YTHDC1,280,149
YTHDC2,167,41
YTHDF1,77,49
YTHDF2,125,90
YTHDF3,120,45
YWHAB,371,277
YWHAE,1397,1316
YWHAG,245,216
YWHAH,123,97
YWHAQ,730,646
YWHAZ,2227,2046
YY1,86,20
YY1AP1,280,210
YY2,5,0
ZACN,3,3
ZAP70,4,1
ZBBX,113,47
ZBED1,16,8
ZBED3,12,8
ZBED4,11,6
ZBED5,68,28
ZBED6,41,41
ZBP1,1,1
ZBTB1,98,25
ZBTB10,35,27
ZBTB11,87,24
ZBTB14,77,18
ZBTB16,33,21
ZBTB17,116,71
ZBTB18,149,137
ZBTB2,33,23
ZBTB20,289,219
ZBTB21,24,3
ZBTB22,2,0
ZBTB24,33,17
ZBTB25,94,71
ZBTB26,9,3
ZBTB3,30,23
ZBTB33,31,8
ZBTB34,7,2
ZBTB37,38,24
ZBTB38,81,23
ZBTB39,4,0
ZBTB4,35,24
ZBTB40,50,7
ZBTB41,60,37
ZBTB42,1,1
ZBTB43,33,14
ZBTB44,9,0
ZBTB45,20,5
ZBTB46,5,2
ZBTB47,11,0
ZBTB48,183,109
ZBTB49,58,25
ZBTB5,11,7
ZBTB6,16,6
ZBTB7A,4,4
ZBTB7B,5,0
ZBTB7C,1,1
ZBTB8A,182,114
ZBTB8B,38,16
ZBTB8OS,406,351
ZBTB9,3,0
ZC2HC1A,277,173
ZC2HC1C,52,9
ZC3H10,23,5
ZC3H11A,332,231
ZC3H11B,1,1
ZC3H12A,7,3
ZC3H12B,27,21
ZC3H12C,12,5
ZC3H13,455,226
ZC3H14,431,250
ZC3H15,228,165
ZC3H18,139,42
ZC3H3,43,22
ZC3H4,33,17
ZC3H6,146,60
ZC3H7A,128,32
ZC3H7B,119,99
ZC3H8,218,161
ZC3HAV1,12,1
ZC3HAV1L,16,14
ZC3HC1,123,96
ZC4H2,84,37
ZCCHC10,107,43
ZCCHC12,63,40
ZCCHC14,44,7
ZCCHC17,300,225
ZCCHC18,59,31
ZCCHC2,45,8
ZCCHC24,14,3
ZCCHC3,51,5
ZCCHC4,90,41
ZCCHC7,184,130
ZCCHC8,142,93
ZCCHC9,97,30
ZCRB1,235,169
ZCWPW1,131,100
ZCWPW2,42,28
ZDBF2,46,21
ZDHHC1,13,4
ZDHHC11,26,13
ZDHHC11B,38,28
ZDHHC12,15,10
ZDHHC13,241,157
ZDHHC14,61,31
ZDHHC15,159,93
ZDHHC16,202,130
ZDHHC17,230,132
ZDHHC18,57,35
ZDHHC19,9,6
ZDHHC2,68,13
ZDHHC20,107,85
ZDHHC21,130,81
ZDHHC22,58,38
ZDHHC23,11,7
ZDHHC24,42,18
ZDHHC3,122,75
ZDHHC4,181,112
ZDHHC5,121,26
ZDHHC6,192,101
ZDHHC7,23,10
ZDHHC8,57,9
ZDHHC9,201,144
ZEB1,227,84
ZEB2,899,357
ZER1,201,146
ZFAND1,331,200
ZFAND2A,49,30
ZFAND2B,158,95
ZFAND3,52,15
ZFAND4,43,26
ZFAND5,245,105
ZFAND6,276,231
ZFAT,41,10
ZFC3H1,150,10
ZFHX2,41,11
ZFHX3,5,4
ZFHX4,40,4
ZFP1,97,52
ZFP14,73,44
ZFP2,59,41
ZFP28,132,40
ZFP3,22,4
ZFP30,163,115
ZFP36,13,10
ZFP36L1,88,71
ZFP36L2,5,3
ZFP37,91,58
ZFP41,31,16
ZFP57,1,0
ZFP62,157,113
ZFP64,69,26
ZFP69,41,22
ZFP69B,63,28
ZFP82,76,49
ZFP90,170,116
ZFP91,108,66
ZFP91-CNTF,21,14
ZFPL1,84,48
ZFPM1,4,1
ZFPM2,34,12
ZFR,357,243
ZFR2,37,21
ZFX,69,38
ZFY,25,12
ZFYVE1,69,21
ZFYVE16,188,47
ZFYVE19,128,56
ZFYVE21,243,158
ZFYVE26,54,4
ZFYVE27,249,178
ZFYVE28,46,11
ZFYVE9,116,15
ZG16B,1,0
ZGLP1,15,1
ZGPAT,96,47
ZGRF1,81,25
ZHX1,162,71
ZHX1-C8orf76,6,3
ZHX2,72,14
ZHX3,65,8
ZIC1,39,26
ZIC2,5,4
ZIC3,37,5
ZIC4,31,2
ZIC5,6,0
ZIK1,39,13
ZIM2,6,4
ZKSCAN1,66,28
ZKSCAN2,13,0
ZKSCAN3,70,51
ZKSCAN4,34,15
ZKSCAN5,113,42
ZKSCAN7,57,30
ZKSCAN8,20,6
ZMAT1,68,24
ZMAT2,192,138
ZMAT3,12,6
ZMAT4,55,28
ZMAT5,71,66
ZMIZ1,111,46
ZMIZ2,170,88
ZMPSTE24,144,63
ZMYM1,115,61
ZMYM2,1490,1137
ZMYM3,98,39
ZMYM4,287,59
ZMYM5,304,202
ZMYM6,128,49
ZMYND10,28,13
ZMYND11,446,191
ZMYND12,31,19
ZMYND15,2,0
ZMYND19,24,6
ZMYND8,188,82
ZNF10,66,35
ZNF100,57,32
ZNF101,22,12
ZNF106,142,67
ZNF107,58,18
ZNF112,38,12
ZNF114,33,12
ZNF117,118,88
ZNF12,6,1
ZNF121,105,82
ZNF124,94,46
ZNF131,297,161
ZNF132,16,4
ZNF133,133,79
ZNF134,37,10
ZNF135,124,85
ZNF136,113,84
ZNF138,151,90
ZNF14,42,15
ZNF140,132,80
ZNF141,71,39
ZNF142,112,19
ZNF143,181,89
ZNF146,176,119
ZNF148,146,51
ZNF154,126,84
ZNF155,55,37
ZNF157,29,28
ZNF16,19,6
ZNF160,72,19
ZNF165,25,8
ZNF169,107,92
ZNF17,25,9
ZNF174,68,20
ZNF175,27,10
ZNF177,62,27
ZNF18,153,116
ZNF180,62,32
ZNF181,80,47
ZNF182,45,26
ZNF184,110,62
ZNF185,36,16
ZNF189,57,18
ZNF19,50,23
ZNF195,242,133
ZNF197,106,28
ZNF2,27,6
ZNF20,47,18
ZNF200,49,14
ZNF202,76,55
ZNF205,40,19
ZNF207,413,254
ZNF208,24,14
ZNF211,84,34
ZNF212,24,13
ZNF213,28,7
ZNF214,43,40
ZNF215,25,5
ZNF217,26,7
ZNF219,17,5
ZNF22,180,162
ZNF221,13,3
ZNF222,29,18
ZNF223,58,37
ZNF224,56,26
ZNF225,31,18
ZNF226,197,89
ZNF227,93,60
ZNF229,40,18
ZNF23,133,114
ZNF230,29,14
ZNF232,177,124
ZNF233,64,31
ZNF234,72,46
ZNF235,61,32
ZNF236,61,32
ZNF239,51,25
ZNF24,77,18
ZNF248,322,187
ZNF25,162,119
ZNF250,210,138
ZNF251,97,53
ZNF253,226,185
ZNF254,205,110
ZNF256,34,18
ZNF257,22,11
ZNF26,53,24
ZNF260,78,30
ZNF263,99,43
ZNF264,57,38
ZNF266,160,126
ZNF267,43,15
ZNF268,54,14
ZNF273,147,96
ZNF274,112,65
ZNF275,6,2
ZNF276,97,27
ZNF277,168,92
ZNF28,34,20
ZNF280B,24,20
ZNF280C,49,15
ZNF280D,244,67
ZNF281,14,6
ZNF282,5,3
ZNF283,91,68
ZNF284,18,11
ZNF285,69,47
ZNF286A,189,45
ZNF287,67,17
ZNF292,93,45
ZNF296,4,0
ZNF3,97,62
ZNF30,40,19
ZNF300,147,87
ZNF302,207,154
ZNF304,19,6
ZNF311,5,4
ZNF317,79,60
ZNF318,45,7
ZNF319,4,1
ZNF32,72,52
ZNF320,67,45
ZNF322,45,13
ZNF324,35,26
ZNF324B,23,15
ZNF326,359,211
ZNF329,172,156
ZNF330,184,119
ZNF331,124,40
ZNF333,128,92
ZNF334,129,94
ZNF335,76,37
ZNF337,93,58
ZNF33A,148,109
ZNF33B,201,166
ZNF34,103,84
ZNF341,28,5
ZNF343,76,48
ZNF345,86,50
ZNF346,141,75
ZNF347,56,45
ZNF35,40,7
ZNF350,83,53
ZNF354A,41,18
ZNF354B,87,44
ZNF354C,29,6
ZNF358,35,31
ZNF362,68,20
ZNF365,134,70
ZNF366,4,1
ZNF367,7,1
ZNF37A,165,119
ZNF382,105,66
ZNF383,81,55
ZNF384,229,131
ZNF385A,56,41
ZNF385B,42,17
ZNF385C,5,2
ZNF385D,58,25
ZNF391,38,17
ZNF394,45,13
ZNF395,26,10
ZNF396,34,14
ZNF397,349,268
ZNF398,57,11
ZNF404,27,14
ZNF407,30,1
ZNF408,35,16
ZNF41,72,52
ZNF410,278,167
ZNF414,33,11
ZNF415,166,110
ZNF416,24,15
ZNF417,68,49
ZNF418,133,78
ZNF419,89,37
ZNF420,142,95
ZNF423,49,21
ZNF425,18,6
ZNF426,77,49
ZNF428,244,219
ZNF429,101,79
ZNF43,132,63
ZNF430,50,34
ZNF431,88,74
ZNF432,87,53
ZNF433,73,35
ZNF436,39,12
ZNF438,99,54
ZNF439,80,50
ZNF44,97,68
ZNF440,42,23
ZNF441,40,15
ZNF442,14,5
ZNF443,40,19
ZNF444,57,36
ZNF445,52,27
ZNF446,79,40
ZNF449,42,16
ZNF45,54,39
ZNF451,175,32
ZNF454,52,28
ZNF460,32,1
ZNF461,90,48
ZNF462,126,20
ZNF467,23,6
ZNF468,30,21
ZNF470,46,21
ZNF471,28,8
ZNF473,29,5
ZNF474,4,0
ZNF48,32,10
ZNF480,21,6
ZNF483,60,14
ZNF484,61,25
ZNF485,45,30
ZNF486,102,90
ZNF487,61,35
ZNF488,11,7
ZNF490,40,4
ZNF491,46,32
ZNF492,42,31
ZNF493,78,45
ZNF496,79,40
ZNF497,13,6
ZNF500,38,25
ZNF501,53,22
ZNF502,23,6
ZNF503,8,0
ZNF506,155,69
ZNF507,53,4
ZNF510,54,16
ZNF511,46,24
ZNF511-PRAP1,9,9
ZNF512,300,192
ZNF512B,17,3
ZNF513,29,20
ZNF514,69,55
ZNF516,8,2
ZNF517,39,39
ZNF518A,42,33
ZNF518B,57,18
ZNF519,130,60
ZNF521,65,17
ZNF524,8,5
ZNF525,17,5
ZNF526,9,0
ZNF527,103,51
ZNF528,108,70
ZNF529,96,56
ZNF530,67,44
ZNF532,339,244
ZNF534,1,1
ZNF536,64,27
ZNF540,72,31
ZNF541,6,1
ZNF543,40,27
ZNF544,215,162
ZNF546,16,4
ZNF547,36,21
ZNF548,76,33
ZNF549,39,18
ZNF550,82,39
ZNF551,22,7
ZNF552,28,19
ZNF554,57,22
ZNF555,30,10
ZNF556,1,1
ZNF557,53,27
ZNF558,99,73
ZNF559,132,86
ZNF559-ZNF177,127,96
ZNF560,4,2
ZNF561,100,45
ZNF562,69,46
ZNF563,22,11
ZNF564,39,12
ZNF565,60,37
ZNF566,130,77
ZNF567,82,61
ZNF568,286,138
ZNF569,140,80
ZNF57,19,10
ZNF570,67,39
ZNF571,41,19
ZNF572,7,2
ZNF573,43,31
ZNF574,15,11
ZNF575,17,6
ZNF576,50,11
ZNF577,139,79
ZNF578,37,18
ZNF579,7,5
ZNF580,17,8
ZNF581,20,10
ZNF582,38,14
ZNF583,93,39
ZNF584,54,27
ZNF585A,48,11
ZNF585B,57,45
ZNF586,37,19
ZNF587,51,38
ZNF587B,16,14
ZNF589,70,45
ZNF592,87,9
ZNF593,19,12
ZNF594,53,28
ZNF595,63,27
ZNF596,57,32
ZNF597,26,4
ZNF598,26,10
ZNF599,49,27
ZNF600,5,2
ZNF605,60,35
ZNF606,74,16
ZNF607,22,14
ZNF608,156,55
ZNF609,37,6
ZNF610,71,37
ZNF611,45,27
ZNF613,82,51
ZNF614,48,14
ZNF615,60,35
ZNF616,55,29
ZNF618,22,11
ZNF619,36,27
ZNF620,92,56
ZNF621,71,45
ZNF622,77,52
ZNF623,47,42
ZNF624,35,14
ZNF625,41,23
ZNF625-ZNF20,13,8
ZNF626,169,113
ZNF627,65,39
ZNF628,1,0
ZNF629,5,4
ZNF630,57,36
ZNF638,570,231
ZNF639,114,42
ZNF641,57,27
ZNF644,262,111
ZNF646,68,12
ZNF649,110,62
ZNF652,16,2
ZNF653,37,18
ZNF654,71,20
ZNF655,150,85
ZNF658,35,7
ZNF66,35,17
ZNF660,31,8
ZNF662,20,14
ZNF664,120,81
ZNF665,34,26
ZNF667,77,33
ZNF668,29,11
ZNF669,144,120
ZNF670,33,18
ZNF670-ZNF695,4,4
ZNF671,45,17
ZNF672,36,11
ZNF674,69,50
ZNF675,126,70
ZNF676,2,1
ZNF677,97,42
ZNF678,87,49
ZNF680,179,125
ZNF681,73,41
ZNF682,151,101
ZNF684,61,36
ZNF687,23,2
ZNF688,35,15
ZNF689,18,8
ZNF69,64,37
ZNF691,46,25
ZNF692,323,253
ZNF695,69,35
ZNF696,14,3
ZNF697,5,5
ZNF699,42,37
ZNF7,152,102
ZNF70,22,19
ZNF700,37,15
ZNF701,28,6
ZNF703,27,26
ZNF704,18,4
ZNF706,247,136
ZNF707,8,2
ZNF708,176,114
ZNF709,51,23
ZNF71,38,15
ZNF710,25,0
ZNF711,202,68
ZNF713,68,42
ZNF714,168,122
ZNF717,77,63
ZNF718,192,155
ZNF721,209,170
ZNF724,54,29
ZNF726,80,58
ZNF727,11,6
ZNF728,5,3
ZNF730,51,38
ZNF732,21,16
ZNF736,71,44
ZNF737,251,205
ZNF738,239,174
ZNF74,78,35
ZNF740,60,49
ZNF746,3,1
ZNF747,33,5
ZNF749,64,47
ZNF75A,173,91
ZNF75D,58,31
ZNF76,173,95
ZNF761,56,32
ZNF763,19,1
ZNF764,31,3
ZNF765,42,11
ZNF766,68,44
ZNF768,9,4
ZNF77,29,20
ZNF770,51,8
ZNF771,33,15
ZNF772,39,15
ZNF773,51,36
ZNF774,27,14
ZNF775,4,4
ZNF776,80,39
ZNF777,9,0
ZNF778,28,21
ZNF780A,48,7
ZNF780B,82,64
ZNF782,13,3
ZNF783,16,8
ZNF784,2,0
ZNF785,143,132
ZNF786,28,20
ZNF787,5,4
ZNF789,103,65
ZNF79,33,8
ZNF790,79,19
ZNF791,57,38
ZNF792,14,1
ZNF793,231,218
ZNF799,15,6
ZNF8,84,68
ZNF800,31,3
ZNF804A,20,10
ZNF805,18,2
ZNF808,50,26
ZNF81,49,33
ZNF813,14,8
ZNF814,116,88
ZNF816,13,3
ZNF816-ZNF321P,1,1
ZNF821,230,189
ZNF823,44,29
ZNF827,24,4
ZNF829,59,50
ZNF83,122,67
ZNF830,7,6
ZNF831,1,0
ZNF835,45,31
ZNF836,80,46
ZNF837,3,1
ZNF839,77,17
ZNF84,189,107
ZNF841,53,31
ZNF843,2,0
ZNF844,45,26
ZNF845,35,13
ZNF846,62,52
ZNF85,68,30
ZNF850,15,7
ZNF852,50,38
ZNF853,6,2
ZNF860,6,1
ZNF862,105,70
ZNF865,8,8
ZNF875,226,177
ZNF878,3,0
ZNF879,37,13
ZNF880,106,63
ZNF883,113,72
ZNF888,6,5
ZNF891,44,17
ZNF90,67,34
ZNF91,180,97
ZNF92,55,18
ZNF93,60,32
ZNF98,81,58
ZNF99,9,3
ZNFX1,79,26
ZNHIT1,140,81
ZNHIT2,1,1
ZNHIT3,80,48
ZNHIT6,76,35
ZNRD2,36,13
ZNRF1,97,45
ZNRF2,20,4
ZNRF3,41,13
ZNRF4,3,1
ZP1,5,1
ZP2,3,0
ZP3,17,5
ZPR1,125,63
ZRANB1,225,114
ZRANB2,1834,1569
ZRANB3,94,56
ZRSR2,188,143
ZSCAN1,23,12
ZSCAN12,88,37
ZSCAN16,59,34
ZSCAN18,120,72
ZSCAN2,50,22
ZSCAN20,26,10
ZSCAN21,112,77
ZSCAN22,14,7
ZSCAN23,32,30
ZSCAN25,104,72
ZSCAN26,165,72
ZSCAN29,22,8
ZSCAN30,69,45
ZSCAN31,71,37
ZSCAN32,114,78
ZSCAN5A,89,70
ZSCAN5B,2,1
ZSCAN9,105,45
ZSWIM1,101,98
ZSWIM2,3,3
ZSWIM3,11,7
ZSWIM4,15,1
ZSWIM5,30,10
ZSWIM6,62,14
ZSWIM7,288,227
ZSWIM8,214,78
ZSWIM9,23,23
ZUP1,99,69
ZW10,101,59
ZWILCH,190,99
ZWINT,186,121
ZXDA,85,1
ZXDB,70,2
ZXDC,61,15
ZYG11B,62,42
ZYX,175,117
ZZEF1,72,3
ZZZ3,171,92
